Actual_BG,Predicted_BG,Residual
0.28540001535267623,1.1951770227190064,-0.9097770073663302
5.274414557856121,3.2424339389970576,2.031980618859063
3.713826275870312,3.4050124110385034,0.3088138648318086
3.5719674050407426,3.4050124110385034,0.16695499400223923
3.71103229275858,3.3428766281588533,0.3681556645997266
3.8979241822693895,3.374345449084819,0.5235787331845705
0.28540001535267623,0.733697285246031,-0.4482972698933547
0.28540001535267623,0.5386938481997627,-0.2532938328470865
3.119454113897284,2.1839717160305288,0.9354823978667555
2.2872336190526097,2.4339716009875185,-0.14673798193490883
2.654907597354219,2.4339716009875185,0.22093599636670058
1.928826415863027,2.3100169849965453,-0.38119056913351823
2.916548065696828,2.3842940987458827,0.5322539669509454
0.28540001535267623,0.210434120584429,0.07496589476824722
0.28540001535267623,0.7723899733568824,-0.4869899580042062
4.662163003460956,2.760852615527234,1.9013103879337216
3.1973302005534485,3.0336021640414055,0.16372803651204304
3.4790340864794915,3.0336021640414055,0.44543192243808605
3.4462751823884292,2.954556254649382,0.491718927739047
3.8063098609427453,3.0357786383947403,0.770531222548005
0.28540001535267623,0.3477283438353398,-0.062328328482663564
0.28540001535267623,2.699043543216446,-2.41364352786377
0.28540001535267623,2.699043543216446,-2.41364352786377
3.3259335359239177,2.699043543216446,0.6268899927074716
3.0460033532045903,2.699043543216446,0.34695980998814413
2.290602476482664,2.629232087795055,-0.338629611312391
2.49158104282646,2.629232087795055,-0.1376510449685946
2.178019469364444,2.629232087795055,-0.45121261843061067
1.7298469719684988,2.629232087795055,-0.899385115826556
2.0854825682211615,2.629232087795055,-0.5437495195738933
3.675684382367028,2.836265665459629,0.839418716907399
2.7141422124822965,2.7660545697144316,-0.051912357232135165
2.069126505263706,2.233571684366025,-0.16444517910231937
1.6720651046672694,2.233571684366025,-0.5615065796987557
2.6274395996514595,3.0609294588836176,-0.4334898592321581
1.423632242569811,3.0609294588836176,-1.6372972163138066
3.3789195812149413,3.0609294588836176,0.31799012233132373
5.4357878472805226,3.4866690583246607,1.9491187889558619
5.231614000006759,3.3968457518132293,1.8347682481935292
0.28540001535267623,3.460150252432452,-3.1747502370797758
0.28540001535267623,3.406031585947232,-3.120631570594556
4.852314079520332,3.4150671405862,1.4372469389341322
1.4833088101711847,2.9914156157955305,-1.5081068056243458
5.362614993154015,3.4866690583246607,1.8759459348293541
5.37363696278495,3.4866690583246607,1.8869679044602892
3.2196251581385207,2.9431991028113837,0.27642605532713693
0.28540001535267623,2.9914156157955305,-2.7060156004428544
3.005532495860363,2.9914156157955305,0.014116880064832582
2.569659527969197,2.9914156157955305,-0.42175608782633356
4.786634205216111,3.4866690583246607,1.2999651468914504
4.673756256172281,3.4866690583246607,1.18708719784762
6.0201831819440885,3.4866690583246607,2.533514123619428
0.28540001535267623,2.9225411972255326,-2.6371411818728565
1.2974972847384978,2.7420238471284977,-1.4445265623899999
2.046801344446788,2.6817249364099713,-0.6349235919631835
0.28540001535267623,2.543421759465987,-2.258021744113311
0.28540001535267623,2.7281675620213544,-2.4427675466686782
0.30705725195560185,2.59395508133192,-2.2868978293763185
0.8495066858459253,1.932490031052644,-1.0829833452067188
1.6798728703068218,2.7420238471284977,-1.062150976821676
2.1058025291092326,2.7420238471284977,-0.6362213180192651
0.28540001535267623,1.9443536395221934,-1.6589536241695173
0.28540001535267623,1.932490031052644,-1.647090015699968
0.28540001535267623,1.932490031052644,-1.647090015699968
0.7092988060833229,1.932490031052644,-1.2231912249693213
0.28540001535267623,2.7420238471284977,-2.4566238317758216
0.28540001535267623,2.7420238471284977,-2.4566238317758216
0.5387559121578838,2.7420238471284977,-2.203267934970614
0.28540001535267623,1.9489014359074748,-1.6635014205547987
4.827655719043371,3.5202222705800432,1.3074334484633274
4.218164813705278,3.451308072143713,0.7668567415615652
3.007086857304105,3.4365416384281597,-0.42945478112405455
0.659375350084801,3.474333248108458,-2.814957898023657
2.9846749542786566,3.430081093470046,-0.44540613919138927
2.3895355565503413,2.9692250803595814,-0.5796895238092401
5.668449603829967,3.5202222705800432,2.148227333249924
3.5742748214540896,3.5202222705800432,0.05405255087404637
1.0013201934149891,3.1972767923995757,-2.1959565989845866
0.28540001535267623,2.9692250803595814,-2.6838250650069053
0.3968690020475314,2.9692250803595814,-2.5723560783120503
2.0133894796331204,2.9692250803595814,-0.955835600726461
5.001983984936802,3.5202222705800432,1.4817617143567592
3.4655094844245022,3.5202222705800432,-0.05471278615554098
3.928815458469339,3.5202222705800432,0.4085931878892959
0.28540001535267623,3.248602028271207,-2.963202012918531
5.769469101053588,3.487955274002753,2.281513827050835
7.2405536046209615,3.487955274002753,3.7525983306182087
5.261410961550462,3.487955274002753,1.7734556875477092
7.232139426227395,3.487955274002753,3.744184152224642
4.209758001953626,3.487955274002753,0.7218027279508727
3.1768669584801605,3.455238912268741,-0.2783719537885805
6.08893641925461,3.4976368831375324,2.5912995361170776
3.831861795083811,3.5412529282467164,0.29060886683709475
4.512636379229702,3.5412529282467164,0.971383450982986
5.875480603169872,3.5412529282467164,2.3342276749231554
5.867589088020066,3.5412529282467164,2.326336159773349
4.838611020564989,3.5412529282467164,1.2973580923182726
4.76628275193386,3.436708124535404,1.3295746273984563
3.105136308674262,3.436708124535404,-0.33157181586114204
0.28540001535267623,3.225635417109674,-2.940235401756998
2.9574288766635406,3.225635417109674,-0.26820654044613335
2.420767539938789,3.167607642093071,-0.7468401021542821
2.430343345679086,3.167607642093071,-0.737264296413985
0.28540001535267623,3.3410714325579574,-3.0556714172052812
4.127118276304115,3.231915479340908,0.8952027969632068
4.729114728491537,3.3059517038996753,1.423163024591862
1.345793426517578,3.124990145295258,-1.77919671877768
0.28540001535267623,3.3332057006548483,-3.047805685302172
3.403087139174418,3.21868278047174,0.18440435870267802
0.28540001535267623,2.1439911087056425,-1.8585910933529664
3.6993957610260133,3.231915479340908,0.46748028168510514
4.03348383759875,3.231915479340908,0.8015683582578417
0.4827708609023742,1.98010211106779,-1.497331250165416
0.28540001535267623,2.1439911087056425,-1.8585910933529664
0.648296450124328,2.1439911087056425,-1.4956946585813145
0.9306368628308017,2.1439911087056425,-1.2133542458748408
2.0865185022402435,3.231915479340908,-1.1453969771006647
2.7933054356467917,3.231915479340908,-0.4386100436941165
0.28540001535267623,1.8983345958208353,-1.612934580468159
0.28540001535267623,2.1439911087056425,-1.8585910933529664
0.28540001535267623,2.1439911087056425,-1.8585910933529664
1.2099929740806712,3.3667088197452193,-2.1567158456645483
3.081007425584831,3.3667088197452193,-0.2857013941603883
2.251493987477309,3.182519566986415,-0.931025579509106
0.28540001535267623,2.1439911087056425,-1.8585910933529664
1.9304628232810805,3.231915479340908,-1.3014526560598276
5.702065064209519,3.571520249876595,2.1305448143329238
7.017238643331329,3.571520249876595,3.4457183934547344
5.640090979119869,3.571520249876595,2.0685707292432736
7.022794564662469,3.571520249876595,3.451274314785874
6.555505631501067,3.571520249876595,2.9839853816244717
3.528190582971797,3.575468769942215,-0.04727818697041819
5.036447345800594,3.6343698603576606,1.4020774854429336
4.155336934817858,3.663402901134937,0.491934033682921
5.402118978747099,3.663402901134937,1.7387160776121622
5.65569610501727,3.663402901134937,1.9922932038823333
5.656476600728003,3.663402901134937,1.993073699593066
5.542065653501979,3.663402901134937,1.8786627523670418
2.431620721386882,3.5772301340237265,-1.1456094126368446
2.4126867941748307,3.5772301340237265,-1.1645433398488958
0.28540001535267623,3.0557315563494725,-2.7703315409967963
3.0769898432512717,3.0557315563494725,0.021258286901799206
3.669878179376878,3.034963151134919,0.6349150282419589
3.6715036289150857,3.034963151134919,0.6365404777801666
3.857219802376505,3.2098873783591513,0.6473324240173537
4.9874131355640525,3.2098873783591513,1.7775257572049012
3.8546352160611637,3.2098873783591513,0.6447478377020124
4.967334616364695,3.2098873783591513,1.7574472380055441
4.0161503133424,3.2098873783591513,0.8062629349832484
3.5622795342603366,3.3649386156934122,0.19734091856692437
5.460756343382042,3.2685243746619985,2.1922319687200433
0.5925543369066713,3.139162827672585,-2.5466084907659137
3.6847462727508367,3.139162827672585,0.5455834450782517
3.4987695043317286,3.139162827672585,0.3596066766591437
3.494866289113876,3.139162827672585,0.35570346144129106
4.774221781924008,3.139162827672585,1.6350589542514231
0.28540001535267623,3.436737591103058,-3.151337575750382
0.28540001535267623,3.436737591103058,-3.151337575750382
0.28540001535267623,2.5753016390107244,-2.2899016236580483
0.7389381445108341,2.5753016390107244,-1.8363634944998903
0.28540001535267623,1.5824239844186607,-1.2970239690659846
0.28540001535267623,1.5824239844186607,-1.2970239690659846
0.28540001535267623,2.6058617846566636,-2.3204617693039875
0.28540001535267623,2.6058617846566636,-2.3204617693039875
0.28540001535267623,2.6058617846566636,-2.3204617693039875
0.28540001535267623,2.6058617846566636,-2.3204617693039875
0.7653606545807803,2.6058617846566636,-1.8405011300758833
0.28540001535267623,2.5882695071031034,-2.3028694917504273
0.28540001535267623,2.6264364471888926,-2.3410364318362165
0.28540001535267623,2.662704266989389,-2.377304251636713
0.28540001535267623,2.662704266989389,-2.377304251636713
0.28540001535267623,2.662704266989389,-2.377304251636713
0.28540001535267623,2.662704266989389,-2.377304251636713
0.28540001535267623,2.662704266989389,-2.377304251636713
0.28540001535267623,2.578738545795454,-2.293338530442778
0.28540001535267623,2.578738545795454,-2.293338530442778
2.3296198032943396,2.478884727571617,-0.14926492427727744
0.28540001535267623,2.478884727571617,-2.193484712218941
0.28540001535267623,2.521279567617595,-2.235879552264919
0.28540001535267623,2.521279567617595,-2.235879552264919
1.4538230892483253,2.6442681406046407,-1.1904450513563154
1.585336017967056,2.5911034542472158,-1.0057674362801599
0.28540001535267623,2.6058617846566636,-2.3204617693039875
0.28540001535267623,2.602554162437515,-2.317154147084839
1.287825183175938,2.5882695071031034,-1.3004443239271655
0.5700256035446261,2.478884727571617,-1.908859124026991
0.8689846165425303,2.6442681406046407,-1.7752835240621103
0.28540001535267623,2.6442681406046407,-2.3588681252519645
0.28540001535267623,2.5338259717094993,-2.248425956356823
0.28540001535267623,2.478884727571617,-2.193484712218941
2.3294085648374705,2.478884727571617,-0.14947616273414654
2.1276108279128962,2.478884727571617,-0.3512738996587208
0.28540001535267623,2.6442681406046407,-2.3588681252519645
1.1892822588806027,2.6442681406046407,-1.454985881724038
0.5122413881262871,2.6442681406046407,-2.1320267524783536
0.28540001535267623,2.5560503936982504,-2.2706503783455743
1.9583154517747474,2.4436684959042685,-0.48535304412952107
1.9490924160990817,2.4435837795222635,-0.4944913634231818
0.28540001535267623,2.3302614378050026,-2.0448614224523265
0.28540001535267623,2.4650013700554414,-2.1796013547027653
0.9426014000497548,2.3853425560562176,-1.4427411560064627
0.28540001535267623,1.8849297016969397,-1.5995296863442636
1.2367079628553381,2.4436684959042685,-1.2069605330489304
2.0991637114168125,2.4436684959042685,-0.34450478448745603
0.28540001535267623,1.8307646253676653,-1.545364610014989
0.28540001535267623,1.8849297016969397,-1.5995296863442636
1.6602633759897931,1.8849297016969397,-0.22466632570714662
1.0092252605960808,1.8849297016969397,-0.875704441100859
0.28540001535267623,2.4436684959042685,-2.1582684805515924
1.2111447485438425,2.4436684959042685,-1.232523747360426
1.2708233880132545,2.4436684959042685,-1.172845107891014
0.28540001535267623,1.7999852300417765,-1.5145852146891001
0.43173508801643024,3.6636710469005873,-3.231935958884157
0.642126933563308,3.6636710469005873,-3.0215441133372796
6.841838899371583,3.6636710469005873,3.1781678524709953
5.094452652559362,3.74308307839571,1.3513695741636518
6.601510678582789,3.74308307839571,2.8584276001870794
5.0427436146440385,3.74308307839571,1.2996605362483287
6.819254985257454,3.74308307839571,3.0761719068617444
5.119729442624959,3.74308307839571,1.3766463642292495
5.868378055368998,3.6604418794178173,2.207936175951181
4.6525487990996846,3.899051830980294,0.7534969681193906
4.0057115975849635,3.5303274616248475,0.4753841359601161
4.021372157462764,3.5303274616248475,0.49104469583791666
4.32252066305151,3.5303274616248475,0.7921932014266622
0.28540001535267623,2.297024254487708,-2.011624239135032
0.28540001535267623,2.297024254487708,-2.011624239135032
3.1201255833076975,2.297024254487708,0.8231013288199893
1.68427959549946,2.297024254487708,-0.6127446589882481
2.7948365921685068,2.297024254487708,0.4978123376807986
2.368120360175785,2.2111428380641756,0.15697752211160942
1.2629112692868467,2.2111428380641756,-0.9482315687773288
2.169673432408577,2.2111428380641756,-0.041469405655598646
1.516622974896475,2.2111428380641756,-0.6945198631677005
1.5736233335737086,2.2111428380641756,-0.6375195044904669
1.9181952465856011,2.2111428380641756,-0.2929475914785744
2.8696267925271175,2.38407807197177,0.4855487205553475
1.9357826437388939,2.312156626140313,-0.37637398240141895
1.817667380626681,1.7904202900983015,0.02724709052837948
1.582754240183944,1.7904202900983015,-0.20766604991435744
1.3506543282049377,2.7260662274155365,-1.3754118992105988
0.9855284202638954,2.7260662274155365,-1.740537807151641
2.576545496497814,2.7260662274155365,-0.14952073091772267
0.28540001535267623,0.9900780173039336,-0.7046780019512574
0.28540001535267623,0.9900780173039336,-0.7046780019512574
0.28540001535267623,2.5965680292186284,-2.3111680138659523
0.28540001535267623,2.5965680292186284,-2.3111680138659523
0.28540001535267623,2.5965680292186284,-2.3111680138659523
0.6874024528880371,2.5965680292186284,-1.9091655763305913
0.28540001535267623,2.5965680292186284,-2.3111680138659523
0.28540001535267623,2.683976550510824,-2.398576535158148
0.5595907092326822,2.6278036959280326,-2.0682129866953503
0.28540001535267623,2.5517210182457033,-2.266321002893027
0.4642440327390662,2.5517210182457033,-2.087476985506637
0.28540001535267623,2.5517210182457033,-2.266321002893027
0.28540001535267623,2.5517210182457033,-2.266321002893027
0.28540001535267623,2.5517210182457033,-2.266321002893027
0.28540001535267623,2.7317444350024402,-2.446344419649764
0.28540001535267623,2.7317444350024402,-2.446344419649764
0.28540001535267623,2.2027273705082737,-1.9173273551555976
0.28540001535267623,2.2027273705082737,-1.9173273551555976
0.28540001535267623,1.648658014360823,-1.3632579990081468
0.28540001535267623,1.648658014360823,-1.3632579990081468
0.28540001535267623,2.6511714207417545,-2.3657714053890784
0.28540001535267623,2.741494553907015,-2.4560945385543387
0.28540001535267623,2.5965680292186284,-2.3111680138659523
0.28540001535267623,2.7497588211376423,-2.464358805784966
0.28540001535267623,2.683976550510824,-2.398576535158148
1.3909858639339767,2.2027273705082737,-0.811741506574297
0.28540001535267623,2.6511714207417545,-2.3657714053890784
0.45179519061100337,2.6511714207417545,-2.199376230130751
0.28540001535267623,1.9866256408142648,-1.7012256254615887
0.28540001535267623,2.2027273705082737,-1.9173273551555976
0.28540001535267623,2.2027273705082737,-1.9173273551555976
1.6054145832079247,2.2027273705082737,-0.597312787300349
0.7122220967813919,2.6511714207417545,-1.9389493239603626
0.28540001535267623,2.6511714207417545,-2.3657714053890784
0.28540001535267623,2.6511714207417545,-2.3657714053890784
0.28540001535267623,1.902749792651674,-1.617349777298998
5.179012861755713,3.577495701464707,1.601517160291006
4.107298326235921,3.601324578062212,0.5059737481737092
0.28540001535267623,3.458088697692967,-3.172688682340291
0.28540001535267623,3.6213286941782425,-3.3359286788255664
2.9255978011214796,3.5427907147461535,-0.6171929136246739
0.28540001535267623,2.5753830404038682,-2.289983025051192
4.6611766101087415,3.577495701464707,1.0836809086440344
4.610702589710212,3.577495701464707,1.033206888245505
2.832290993815216,2.418867038408137,0.41342395540707866
0.28540001535267623,2.5753830404038682,-2.289983025051192
0.9424143448970426,2.5753830404038682,-1.6329686955068257
0.49597625715495053,2.5753830404038682,-2.079406783248918
5.142508204417699,3.577495701464707,1.565012502952992
3.282186548754722,3.577495701464707,-0.29530915270998515
5.812959544918146,3.577495701464707,2.2354638434534393
0.28540001535267623,2.3399154220326066,-2.0545154066799305
2.9518974494167627,2.740749786409563,0.21114766300719978
4.655752919999949,2.740749786409563,1.9150031335903859
2.4685033795380815,2.740749786409563,-0.2722464068714814
4.581224235429266,2.740749786409563,1.8404744490197031
2.8929574999652243,2.740749786409563,0.15220771355566143
1.4191303035304408,2.862961639089857,-1.4438313355594161
1.769537149435946,2.890752664040522,-1.1212155146045761
2.104142456354032,2.878673949627099,-0.7745314932730674
3.8628604400896496,2.878673949627099,0.9841864904625504
3.963787301791208,2.878673949627099,1.0851133521641088
3.957638181619986,2.878673949627099,1.0789642319928867
0.5583321184617658,2.878673949627099,-2.3203418311653334
1.7677209959552036,2.9041150158073674,-1.1363940198521638
1.9856158583739756,2.9041150158073674,-0.9184991574333918
0.28540001535267623,1.8097555151285891,-1.524355499775913
0.6930542326470761,1.8097555151285891,-1.116701282481513
0.28540001535267623,1.2847666225157328,-0.9993666071630566
0.28540001535267623,1.2847666225157328,-0.9993666071630566
0.28540001535267623,1.8097555151285891,-1.524355499775913
2.4821741173520295,2.9041150158073674,-0.4219408984553379
0.6328801865089833,3.05810361504561,-2.4252234285366265
1.889415710373172,3.05810361504561,-1.168687904672438
2.3554151128676217,2.9863628361070806,-0.6309477232394589
2.3624014518923095,2.9592031323684,-0.5968016804760903
0.28540001535267623,1.173082806126076,-0.8876827907733998
0.7534249220827467,3.6737537696875555,-2.920328847604809
0.783015663694385,3.6737537696875555,-2.8907381059931705
7.113828578772379,3.6737537696875555,3.4400748090848237
6.855069388248177,3.6737537696875555,3.1813156185606215
6.48085723899929,3.6557287019215785,2.8251285370777115
6.185154707611125,3.6557287019215785,2.5294260056895466
5.932656057717086,3.6557287019215785,2.2769273557955074
6.590885402618894,3.6557287019215785,2.9351567006973154
5.933975423283789,3.6557287019215785,2.27824672136221
6.3713981484675015,3.6557287019215785,2.715669446545923
6.19423998708301,3.640635925969259,2.5536040611137505
6.034233578065652,3.647002914575072,2.3872306634905796
3.835146580713028,3.672893345912062,0.16225323480096598
3.729435453420766,3.672893345912062,0.05654210750870403
3.625359536467246,3.6059025776793385,0.019456958787907652
3.4062820517722905,3.6059025776793385,-0.19962052590704804
4.164674153443182,3.6059025776793385,0.5587715757638438
3.443986919244057,2.8148950372686494,0.6290918819754077
3.745526961850504,2.8148950372686494,0.9306319245818546
1.3529883335914412,2.8148950372686494,-1.4619067036772082
3.739461637231048,2.8148950372686494,0.9245665999623984
3.759766496503196,2.8148950372686494,0.9448714592345464
3.49578454102839,2.8168681923051726,0.6789163487232175
4.123295725815215,2.8016575500822376,1.3216381757329771
2.3833830293072342,2.7902922949381344,-0.40690926563090013
3.3030238320711662,2.7902922949381344,0.5127315371330319
3.3679885896116373,2.7902922949381344,0.5776962946735029
3.3425140052106626,2.7902922949381344,0.5522217102725282
2.605419233643712,2.7902922949381344,-0.1848730612944225
0.28540001535267623,2.8167926842255597,-2.5313926688728836
0.28540001535267623,2.8167926842255597,-2.5313926688728836
0.28540001535267623,2.8157724043205437,-2.5303723889678675
2.1159749407614967,2.8157724043205437,-0.6997974635590469
0.28540001535267623,2.5343633682370874,-2.2489633528844113
0.28540001535267623,2.5343633682370874,-2.2489633528844113
4.3580963868442355,2.956866065221351,1.4012303216228843
4.339936141199147,3.020878868460554,1.3190572727385934
0.28540001535267623,2.7991503135069875,-2.5137502981543114
0.28540001535267623,3.0262322071390733,-2.740832191786397
3.218949084576912,2.9571238976883225,0.26182518688858947
0.9983103489908285,2.1025123105816044,-1.1042019615907759
3.7408611150285593,2.956866065221351,0.7839950498072081
2.812346363332636,2.956866065221351,-0.144519701888715
1.342100597988623,1.911105037909933,-0.5690044399213101
0.28540001535267623,2.1025123105816044,-1.8171122952289283
1.2015503880742258,2.1025123105816044,-0.9009619225073786
1.183536485374899,2.1025123105816044,-0.9189758252067053
4.790607771864237,2.956866065221351,1.8337417066428858
2.9797978689998432,2.956866065221351,0.02293180377849202
2.37299394629969,2.956866065221351,-0.5838721189216614
0.28540001535267623,1.8532037849681937,-1.5678037696155176
3.4005773242744985,3.0541101584643173,0.3464671658101812
2.7815002078144064,3.0381657987068005,-0.25666559089239405
0.28540001535267623,3.0253180068776113,-2.739917991524935
0.28540001535267623,3.0463991260413916,-2.7609991106887155
2.5942072046514086,3.027848080042793,-0.4336408753913843
2.9895536970519005,2.8312010991441174,0.1583525979077831
2.4864491638204647,3.0541101584643173,-0.5676609946438527
3.2636388177449844,3.0541101584643173,0.2095286592806671
0.28540001535267623,2.8671109001476194,-2.5817108847949433
0.28540001535267623,2.8312010991441174,-2.5458010837914413
3.658968551035123,2.8312010991441174,0.8277674518910056
3.450165874315029,2.8312010991441174,0.6189647751709115
0.28540001535267623,3.0541101584643173,-2.768710143111641
2.9696055674144124,3.0541101584643173,-0.08450459104990493
1.761265699729453,3.0541101584643173,-1.2928444587348644
0.28540001535267623,2.879938433711547,-2.5945384183588707
0.28540001535267623,2.8312010991441174,-2.5458010837914413
0.28540001535267623,3.0291420306948944,-2.7437420153422183
0.28540001535267623,3.0463991260413916,-2.7609991106887155
0.28540001535267623,3.031098979119208,-2.745698963766532
0.28540001535267623,2.5379332429083554,-2.2525332275556793
2.9919937130196903,2.8312010991441174,0.16079261387557287
0.28540001535267623,2.8312010991441174,-2.5458010837914413
0.6240045570618056,3.0608705257483098,-2.4368659686865044
1.6141727837788504,3.0608705257483098,-1.4466977419694593
1.9378293731115277,3.116312241121189,-1.1784828680096613
0.28540001535267623,2.8312010991441174,-2.5458010837914413
4.711054669176471,3.1828875307499924,1.528167138426479
5.26446995960503,3.1644396177381826,2.1000303418668476
0.28540001535267623,2.995705948045936,-2.71030593269326
0.28540001535267623,3.2057720038541904,-2.9203719885015142
4.4012752217558555,3.0739043252858145,1.327370896470041
1.0639749144923232,1.8143968678661717,-0.7504219533738485
4.537345569535867,3.1828875307499924,1.3544580387858742
4.698201352365848,3.1828875307499924,1.5153138216158553
0.5491674634232642,1.5320032800909797,-0.9828358166677156
0.7131358136069782,1.8143968678661717,-1.1012610542591936
2.4552733510766074,1.8143968678661717,0.6408764832104357
1.3539609835523352,1.8143968678661717,-0.46043588431383653
3.8710898999372363,3.1828875307499924,0.6882023691872439
2.810375418288687,3.1828875307499924,-0.37251211246130556
5.513891194839717,3.1828875307499924,2.3310036640897245
0.28540001535267623,1.4470888275016138,-1.1616888121489377
0.28540001535267623,3.885735520725408,-3.600335505372732
0.28540001535267623,3.885735520725408,-3.600335505372732
7.247287451994065,3.885735520725408,3.3615519312686573
5.608658623071375,3.885735520725408,1.722923102345967
6.1072922492425015,3.885735520725408,2.2215567285170934
6.274310596365196,3.9931046949463447,2.2812059014188515
4.212639832270175,3.9931046949463447,0.21953513732383012
6.581898836148651,3.9931046949463447,2.588794141202306
4.767771181932477,3.9931046949463447,0.7746664869861322
6.397832237977705,3.9931046949463447,2.4047275430313606
5.586349116368523,3.899165645597857,1.687183470770666
5.6700120685798145,3.936895007153986,1.7331170614258284
4.444563819631985,4.162120507023878,0.2824433126081072
4.404918762846258,4.162120507023878,0.2427982558223798
3.8180257682419296,3.6899095520679888,0.12811621617394087
2.8936184719109104,3.6899095520679888,-0.7962910801570784
3.9990722273943997,3.6899095520679888,0.30916267532641095
6.191300328627439,3.6718715926786634,2.5194287359487757
6.569106294133812,3.6718715926786634,2.8972347014551487
6.232496063535952,3.6718715926786634,2.5606244708572885
5.8405181523164424,3.6718715926786634,2.168646559637779
6.458649391954844,3.6718715926786634,2.7867777992761806
3.5839702430424567,3.6604518243844004,-0.07648158134194372
5.977562370157415,3.645160517432513,2.3324018527249017
2.437157121116951,3.6396447442998014,-1.2024876231828503
5.406998274018487,3.6396447442998014,1.7673535297186853
4.623983908416009,3.6396447442998014,0.9843391641162076
4.5996423135413265,3.6396447442998014,0.959997569241525
4.896734930258563,3.6396447442998014,1.2570901859587615
0.28540001535267623,3.6531065457324785,-3.3677065303798024
1.0292033632578546,3.6531065457324785,-2.623903182474624
0.28540001535267623,3.6292633041832425,-3.3438632888305664
2.5720260616838995,3.6292633041832425,-1.057237242499343
2.9523400004297145,3.5155846011634178,-0.5632446007337033
0.28540001535267623,2.9644190831752333,-2.679019067822557
0.28540001535267623,2.9644190831752333,-2.679019067822557
0.28540001535267623,2.9644190831752333,-2.679019067822557
1.1197776356052853,2.9644190831752333,-1.844641447569948
0.28540001535267623,2.9644190831752333,-2.679019067822557
1.7481643112523924,3.027663913994956,-1.2794996027425638
1.724819791360698,3.0097961240338322,-1.2849763326731343
0.28540001535267623,2.9701123923780592,-2.684712377025383
0.28540001535267623,2.9701123923780592,-2.684712377025383
1.5377665723919838,2.9701123923780592,-1.4323458199860755
1.540140334624064,2.9701123923780592,-1.4299720577539952
0.28540001535267623,2.9701123923780592,-2.684712377025383
1.6618629041567676,3.0628278425047193,-1.4009649383479517
1.7794302732766658,3.0628278425047193,-1.2833975692280535
0.28540001535267623,2.4798770142373616,-2.1944769988846855
0.28540001535267623,2.4798770142373616,-2.1944769988846855
0.28540001535267623,2.0352659198744836,-1.7498659045218075
0.28540001535267623,2.0352659198744836,-1.7498659045218075
0.28540001535267623,2.4798770142373616,-2.1944769988846855
2.2592640451185666,3.0628278425047193,-0.8035637973861527
0.7905655508254537,3.1434196417022844,-2.3528540908768307
1.0747703713947974,3.1434196417022844,-2.0686492703074872
1.8190859196101439,3.106800801414611,-1.287714881804467
0.28540001535267623,3.120143999912481,-2.834743984559805
0.28540001535267623,2.2394861769923033,-1.9540861616396272
0.28540001535267623,1.1703336674469926,-0.8849336520943164
0.28540001535267623,2.353888284248031,-2.0684882688953548
0.28540001535267623,2.4439581890975157,-2.1585581737448396
0.28540001535267623,2.4439581890975157,-2.1585581737448396
1.0742019083570153,2.411714397442253,-1.3375124890852375
1.0874741856609014,2.440115564509401,-1.3526413788484997
0.28540001535267623,0.8907602143623251,-0.6053601990096489
0.28540001535267623,3.6772698678728553,-3.391869852520179
0.28540001535267623,3.6772698678728553,-3.391869852520179
6.732442425296059,3.6772698678728553,3.0551725574232034
7.139507587486452,3.6772698678728553,3.462237719613597
6.889285598275772,3.6772698678728553,3.212015730402917
6.634510287698374,3.6974268418085905,2.9370834458897837
4.744220396067205,3.6974268418085905,1.0467935542586146
6.518013107482456,3.6974268418085905,2.820586265673865
6.47760597159078,3.6974268418085905,2.7801791297821894
6.742589237867674,3.6974268418085905,3.0451623960590832
5.884428126437974,3.6974268418085905,2.187001284629383
6.29820429941154,3.6385898411777924,2.6596144582337478
6.166461853755693,3.661027527449938,2.5054343263057546
4.126401502045934,3.8012084614176667,0.3251930406282675
4.050835962625931,3.8012084614176667,0.2496275012082645
4.269899634867299,3.5431144786582505,0.7267851562090484
3.0714118219943916,3.5431144786582505,-0.4717026566638589
3.9318844014904912,3.5431144786582505,0.38876992283224077
0.28540001535267623,0.7662104197462551,-0.4808104043935789
0.28540001535267623,0.7662104197462551,-0.4808104043935789
1.00169648637584,2.198895427550934,-1.197198941175094
3.091726442067075,2.1978047962156446,0.8939216458514303
2.5946381532033467,2.1978047962156446,0.39683335698770206
3.045558039700921,2.200609276792103,0.8449487629088179
0.28540001535267623,0.7662104197462551,-0.4808104043935789
0.8496920144419391,2.5981304939684757,-1.7484384795265366
1.096205221739771,2.5981304939684757,-1.5019252722287046
0.28540001535267623,2.5981304939684757,-2.3127304786157996
0.28540001535267623,2.5981304939684757,-2.3127304786157996
1.2197870856499229,2.5981304939684757,-1.3783434083185528
0.28540001535267623,2.5516204635835846,-2.2662204482309085
0.28540001535267623,2.6120258222777606,-2.3266258069250845
0.28540001535267623,2.6783163911966086,-2.3929163758439325
0.3970456633289188,2.6783163911966086,-2.28127072786769
0.28540001535267623,2.6783163911966086,-2.3929163758439325
0.28540001535267623,2.6783163911966086,-2.3929163758439325
0.28540001535267623,2.6783163911966086,-2.3929163758439325
0.8866404774241063,2.5269315315426817,-1.6402910541185753
1.1705242562857476,2.5269315315426817,-1.356407275256934
0.28540001535267623,2.498264336619433,-2.212864321266757
0.8775298636102669,2.498264336619433,-1.6207344730091662
0.28540001535267623,2.644658204293959,-2.3592581889412827
0.28540001535267623,2.644658204293959,-2.3592581889412827
0.28540001535267623,2.344381264526601,-2.0589812491739248
0.28540001535267623,2.6630140342818507,-2.3776140189291746
0.28540001535267623,2.6716285853354638,-2.3862285699827877
0.805867355242068,2.707097492820444,-1.9012301375783762
0.28540001535267623,2.283037027320553,-1.997637011967877
2.102897585953679,2.344381264526601,-0.24148367857292197
0.28540001535267623,2.344381264526601,-2.0589812491739248
0.28540001535267623,2.6464184633791827,-2.3610184480265066
0.3284172445573188,2.677819142867449,-2.34940189831013
0.4977622074038477,2.677819142867449,-2.1800569354636012
1.4669837331512774,2.6190337087300457,-1.1520499755787683
0.28540001535267623,2.344381264526601,-2.0589812491739248
4.44797310150954,3.3134170588147867,1.134556042694753
4.8289003131946515,3.3134170588147867,1.5154832543798649
2.8958216503411816,3.3134170588147867,-0.4175954084736051
4.829647290684678,3.3134170588147867,1.516230231869891
4.540283754663054,3.3134170588147867,1.2268666958482677
1.482718327780308,3.3435120010238903,-1.8607936732435824
3.6225812074695805,3.342055247585501,0.28052595988407925
3.4012618694743075,3.3313272069669133,0.06993466250739422
3.7782271169723067,3.3313272069669133,0.4468999100053934
4.661423392612843,3.3313272069669133,1.3300961856459295
4.659943802584523,3.3313272069669133,1.3286165956176093
2.578482739155009,3.3313272069669133,-0.7528444678119044
0.6126052772403645,3.3583837777188057,-2.7457785004784414
0.8639723533846047,3.3583837777188057,-2.494411424334201
0.28540001535267623,2.9976894163811383,-2.712289401028462
0.8847804866687898,2.9976894163811383,-2.1129089297123484
0.28540001535267623,2.609009182414194,-2.3236091670615178
0.28540001535267623,2.609009182414194,-2.3236091670615178
0.28540001535267623,2.9976894163811383,-2.712289401028462
1.5940787946314754,3.3583837777188057,-1.7643049830873303
0.9168205849199563,3.3858068389058933,-2.468986253985937
0.8213778428116374,3.3858068389058933,-2.564428996094256
1.0077190614514422,3.3759370120702243,-2.3682179506187824
0.4441564894033654,3.3794947317823354,-2.93533824237897
0.28540001535267623,2.5398975579745824,-2.2544975426219063
0.28540001535267623,2.4212521728936713,-2.135852157540995
0.28540001535267623,2.4212521728936713,-2.135852157540995
0.3077567606467978,2.4212521728936713,-2.1134954122468734
0.6844867129979293,2.4212521728936713,-1.736765459895742
0.5075912875014323,2.4212521728936713,-1.913660885392239
0.28540001535267623,2.47939357836179,-2.193993563009114
0.5720059870985268,2.4731330377316265,-1.9011270506330997
0.28540001535267623,2.4464245408101455,-2.1610245254574694
0.6325177477268404,2.4464245408101455,-1.813906793083305
0.8595191377752655,2.4464245408101455,-1.58690540303488
0.8569223389488769,2.4464245408101455,-1.5895022018612686
0.28540001535267623,2.4464245408101455,-2.1610245254574694
1.581562823978976,2.5121049676125105,-0.9305421436335344
1.942333337977424,2.5121049676125105,-0.5697716296350865
0.28540001535267623,2.1272890898273253,-1.8418890744746492
2.0798900899295263,2.1272890898273253,-0.047398999897799055
0.28540001535267623,1.9288221800439267,-1.6434221646912506
0.28540001535267623,1.9288221800439267,-1.6434221646912506
0.28540001535267623,2.1272890898273253,-1.8418890744746492
2.6468993209300846,2.5121049676125105,0.13479435331757417
1.7881188590815094,2.591520406179518,-0.8034015470980087
1.850540743916474,2.591520406179518,-0.740979662263044
2.249184913569531,2.558194454827166,-0.3090095412576348
0.28540001535267623,2.5631680431150463,-2.27776802776237
0.28540001535267623,1.9467862888480694,-1.6613862734953933
0.28540001535267623,2.357310273582886,-2.07191025823021
0.35387129444395937,2.357310273582886,-2.003438979138927
0.28540001535267623,2.357310273582886,-2.07191025823021
1.7759970498128927,2.357310273582886,-0.5813132237699934
0.5000844952255574,2.357310273582886,-1.8572257783573287
0.28540001535267623,2.4593763864563627,-2.1739763711036866
1.027882852408542,2.44051152151225,-1.4126286691037082
0.28540001535267623,2.386286407051381,-2.100886391698705
0.34772051677830673,2.386286407051381,-2.0385658902730746
0.751589960644369,2.386286407051381,-1.6346964464070122
0.7521404099405972,2.386286407051381,-1.634145997110784
0.28540001535267623,2.386286407051381,-2.100886391698705
2.573747645899078,2.517594589166429,0.05615305673264892
3.0297567769625733,2.517594589166429,0.5121621877961444
0.28540001535267623,1.829442681476293,-1.5440426661236168
3.3716313940378484,1.829442681476293,1.5421887125615554
0.28540001535267623,1.3787281401220566,-1.0933281247693802
0.28540001535267623,1.3787281401220566,-1.0933281247693802
0.28540001535267623,1.829442681476293,-1.5440426661236168
3.6886979236392707,2.517594589166429,1.1711033344728419
3.193055338251061,2.5829375316861327,0.6101178065649284
0.32193372488473704,2.5967499852738913,-2.274816260389154
0.28540001535267623,1.3869349475457589,-1.1015349321930827
0.28540001535267623,1.829442681476293,-1.5440426661236168
0.8870125158614925,1.829442681476293,-0.9424301656148004
2.3961157173565253,2.62071219809003,-0.22459648073350458
2.3494903069426645,2.62071219809003,-0.2712218911473654
1.922487512579509,2.632152961313746,-0.7096654487342371
0.28540001535267623,1.829442681476293,-1.5440426661236168
0.6837579219051273,3.5217957852927606,-2.8380378633876333
0.8459862022066115,3.5217957852927606,-2.6758095830861492
6.802744867400983,3.5217957852927606,3.280949082108222
6.647341872915354,3.5217957852927606,3.1255460876225936
6.167262976063783,3.542513729010207,2.624749247053576
6.478689604616251,3.542513729010207,2.9361758756060445
5.253766228904757,3.542513729010207,1.7112524998945502
6.5435444150261635,3.542513729010207,3.0010306860159566
5.415990365470165,3.542513729010207,1.8734766364599582
5.9490221577241496,3.5089229468810657,2.440099210843084
5.839992910748012,3.5217353788290704,2.3182575319189413
3.875088697333916,3.6044347742780793,0.27065392305583647
3.54407398376748,3.6044347742780793,-0.060360790510599394
3.6654670341990916,3.4549519815662113,0.21051505263288028
3.6777750353420715,3.4549519815662113,0.2228230537758602
4.360519275369576,3.4549519815662113,0.9055672938033648
0.28540001535267623,1.8662031454547527,-1.5808031301020766
0.8571078056694266,2.5904511381057778,-1.7333433324363512
0.28540001535267623,2.5542227298395184,-2.2688227144868423
0.4872300273771341,2.5542227298395184,-2.066992702462384
0.28540001535267623,2.5796615860272123,-2.294261570674536
0.28540001535267623,2.560984570451893,-2.275584555099217
0.28540001535267623,1.3260093197664442,-1.0406093044137679
2.602830964007414,2.766442791743272,-0.16361182773585803
2.3971773425392806,2.7820825408576666,-0.384905198318386
0.28540001535267623,2.7556672362843417,-2.4702672209316656
0.28540001535267623,2.783434687980884,-2.498034672628208
2.207065125515997,2.7716322226392163,-0.5645670971232191
1.3660290163349835,2.6475190396810557,-1.2814900233460722
2.123661663266108,2.766442791743272,-0.6427811284771638
2.3175855649814694,2.766442791743272,-0.4488572267618025
0.28540001535267623,2.615407479248139,-2.330007463895463
0.28540001535267623,2.6475190396810557,-2.3621190243283796
3.2478237425530487,2.6475190396810557,0.600304702871993
2.6501454316892556,2.6475190396810557,0.002626392008199918
0.28540001535267623,2.766442791743272,-2.481042776390596
2.166336619870846,2.766442791743272,-0.6001061718724259
1.2771959246212585,2.766442791743272,-1.4892468671220134
0.28540001535267623,2.6020119775926838,-2.3166119622400076
0.6397690786736097,2.601721363569197,-1.9619522848955873
0.795724928124467,2.6279981752745485,-1.8322732471500816
0.28540001535267623,2.629815157502506,-2.34441514214983
0.28540001535267623,2.612539645551225,-2.3271396301985487
1.4720950316014272,2.4472157181516523,-0.9751206865502251
0.28540001535267623,2.601721363569197,-2.316321348216521
0.28540001535267623,2.601721363569197,-2.316321348216521
0.28540001535267623,2.347135283605952,-2.0617352682532757
0.28540001535267623,2.4472157181516523,-2.161815702798976
0.28540001535267623,2.4472157181516523,-2.161815702798976
1.7145710428816052,2.4472157181516523,-0.7326446752700471
0.28540001535267623,2.601721363569197,-2.316321348216521
1.4021177806954708,2.601721363569197,-1.1996035828737261
0.28540001535267623,2.601721363569197,-2.316321348216521
0.28540001535267623,2.3139708458775528,-2.0285708305248766
2.133016838081097,3.051092045272368,-0.9180752071912712
3.8757944216292266,2.8006645267523016,1.075129894876925
4.487474140445859,2.9920996084971963,1.4953745319486629
0.37499187118348865,2.527250507137535,-2.1522586359540465
0.28540001535267623,3.017818765409698,-2.732418750057022
2.647332111142501,2.8260698647192894,-0.17873775357678845
0.3556294356196332,1.7721380344465207,-1.4165085988268875
3.965679976264827,2.8006645267523016,1.1650154495125253
3.5502936395350235,2.8006645267523016,0.7496291127827219
0.28540001535267623,1.318882001632137,-1.0334819862794609
0.3898060499469431,1.7721380344465207,-1.3823319844995776
0.28540001535267623,1.7721380344465207,-1.4867380190938446
1.0309014145052326,1.7721380344465207,-0.7412366199412881
1.703327889827218,2.8006645267523016,-1.0973366369250837
3.1228118292814444,2.8006645267523016,0.3221473025291428
0.28540001535267623,1.2102522108137574,-0.9248521954610812
0.3786931483298883,1.7721380344465207,-1.3934448861166324
0.28540001535267623,1.7721380344465207,-1.4867380190938446
1.2936274035753037,3.023913924928904,-1.7302865213536003
1.2696651447176528,3.062417152218043,-1.7927520075003902
2.8108133651504428,3.062417152218043,-0.2516037870676002
2.90684251497583,2.9914325590719315,-0.08459004409610138
0.28540001535267623,1.7721380344465207,-1.4867380190938446
1.0673827921037629,2.8006645267523016,-1.7332817346485387
3.9344815110970854,3.3273179121055065,0.6071635989915789
4.834626403953992,3.3679486255792566,1.4666777783747356
0.5558154433765642,3.3986502107499343,-2.84283476737337
2.8694068982660004,3.2594685617577683,-0.39006166349176796
0.5063396950403336,1.5867190129032862,-1.0803793178629526
3.2133159976717285,3.3273179121055065,-0.11400191443377805
3.704980228094568,3.3273179121055065,0.3776623159890615
3.1739459007954216,1.145073544408724,2.0288723563866977
1.2642617128741218,1.5867190129032862,-0.3224573000291644
2.592913990663499,1.5867190129032862,1.0061949777602128
0.9879707836293963,1.5867190129032862,-0.5987482292738899
3.095077711639561,3.3273179121055065,-0.23224020046594562
3.0039781344166205,3.3273179121055065,-0.323339777688886
3.1647374142375346,3.3273179121055065,-0.1625804978679719
0.28540001535267623,0.9999222450589529,-0.7145222297062767
6.377059781110099,3.65705838078696,2.7200014003231394
7.136994457597672,3.65705838078696,3.4799360768107124
6.010380391549832,3.65705838078696,2.3533220107628723
7.1160606712721615,3.65705838078696,3.4590022904852016
7.123873363353493,3.65705838078696,3.466814982566533
3.6362454073888304,3.704199732383836,-0.06795432499500542
5.618784072381441,3.6921007597051507,1.9266833126762903
2.9127973399665845,3.6658486262502095,-0.7530512862836249
4.84209802051473,3.6658486262502095,1.176249394264521
5.776536288973276,3.6658486262502095,2.110687662723066
5.762142607338545,3.6658486262502095,2.096293981088335
5.192466559882286,3.6658486262502095,1.5266179336320764
4.128073729760293,3.7302706464477056,0.3978030833125872
2.91169436950609,3.7302706464477056,-0.8185762769416156
0.28540001535267623,3.3233344004907974,-3.0379343851381213
3.1067017200808746,3.3233344004907974,-0.21663268040992278
3.445817345593507,3.0406358337403874,0.4051815118531197
3.454286405469329,3.0406358337403874,0.4136505717289416
2.731984955860915,2.2607173914850702,0.4712675643758448
3.704747442210102,2.2607173914850702,1.4440300507250319
2.692631618094961,2.2607173914850702,0.43191422660989076
3.4960141960900426,2.2607173914850702,1.2352968046049724
3.3384240456203034,2.2607173914850702,1.0777066541352331
1.1613488160230696,2.3726772727804346,-1.211328456757365
2.9311189150695784,2.376561703061408,0.5545572120081705
3.145441048243341,2.332650992275685,0.812790055967656
2.9795761330782478,2.332650992275685,0.6469251408025629
3.8685031036293207,2.332650992275685,1.5358521113536359
3.861920272415443,2.332650992275685,1.5292692801397583
0.803284645118339,2.332650992275685,-1.529366347157346
2.4461055652152925,2.4470171871520843,-0.0009116219367917289
2.6440867370475214,2.4470171871520843,0.19706954989543712
0.28540001535267623,1.2413134722758605,-0.9559134569231843
0.5788504261833567,1.2413134722758605,-0.6624630460925038
0.28540001535267623,0.9605854361957923,-0.6751854208431161
0.28540001535267623,0.9605854361957923,-0.6751854208431161
0.28540001535267623,1.2413134722758605,-0.9559134569231843
3.5247398637334793,2.4470171871520843,1.077722676581395
2.0387494206693164,2.728215076861696,-0.6894656561923798
2.1357207639954363,2.728215076861696,-0.5924943128662599
2.943936135334827,2.602453976107492,0.34148215922733494
1.9862323542191094,2.591635325793368,-0.6054029715742586
0.28540001535267623,0.955580631762804,-0.6701806164101277
0.28540001535267623,0.690211077200572,-0.4048110618478957
0.28540001535267623,0.690211077200572,-0.4048110618478957
1.466197574334574,2.400857440590179,-0.9346598662556047
2.5387163169437574,2.4311507296328028,0.10756558731095467
2.0309090115977853,2.4311507296328028,-0.4002417180350175
2.6553405717326832,2.376843661280646,0.2784969104520374
0.28540001535267623,0.690211077200572,-0.4048110618478957
0.28540001535267623,2.4238072926413587,-2.1384072772886826
1.0316561960315358,2.9813634645725036,-1.9497072685409678
0.4039375251710666,2.999491665325269,-2.5955541401542024
0.4094194117509762,2.999491665325269,-2.590072253574293
0.28540001535267623,2.995318831013383,-2.709918815660707
0.28540001535267623,3.0042446226878403,-2.718844607335164
0.28540001535267623,2.1319263909118553,-1.8465263755591792
0.28540001535267623,2.7502538594742276,-2.4648538441215515
0.28540001535267623,2.7502538594742276,-2.4648538441215515
3.914895267743596,2.7502538594742276,1.1646414082693686
4.59522011840067,2.7502538594742276,1.8449662589264424
2.6908949322638605,2.7502538594742276,-0.059358927210367174
2.221089462141792,2.629659721358132,-0.40857025921634005
3.729435453420766,2.629659721358132,1.0997757320626338
0.4888358632312469,2.629659721358132,-2.1408238581268852
3.817557065650185,2.629659721358132,1.187897344292053
2.834703753207925,2.629659721358132,0.20504403184979303
2.1989087795894022,2.629659721358132,-0.43075094176872986
3.5652775733530717,2.730721576772755,0.8345559965803169
3.3066507982172637,2.691774140976233,0.6148766572410307
1.580570076898112,2.4532438412294457,-0.8726737643313338
2.0304965717336545,2.4532438412294457,-0.4227472694957912
3.3593405203373177,2.894312593745207,0.4650279265921107
3.3632087440060814,2.894312593745207,0.4688961502608744
2.5647122754261575,2.894312593745207,-0.32960031831904946
1.3584362875770368,2.8235210066172285,-1.4650847190401917
2.155706279340636,2.980706360113822,-0.8250000807731861
0.28540001535267623,2.894312593745207,-2.608912578392531
0.28540001535267623,2.9560524196220084,-2.6706524042693323
1.5767984943629505,2.961499314652829,-1.3847008202898785
0.28540001535267623,2.6065693506124523,-2.321169335259776
1.1737757999433298,2.8235210066172285,-1.6497452066738987
0.938673969874206,2.8235210066172285,-1.8848470367430226
0.28540001535267623,2.5031425268945338,-2.2177425115418576
0.28540001535267623,2.6065693506124523,-2.321169335259776
0.28540001535267623,2.6065693506124523,-2.321169335259776
0.28540001535267623,2.6065693506124523,-2.321169335259776
2.215226628091932,2.8235210066172285,-0.6082943785252963
0.4214559521394444,2.8235210066172285,-2.402065054477784
0.623823498816026,2.8235210066172285,-2.1996975078012024
0.28540001535267623,2.4623523256233573,-2.176952310270681
0.28540001535267623,1.703833149379458,-1.418433134026782
0.28540001535267623,2.6827728412221625,-2.3973728258694864
0.6355988917486617,2.74565633825603,-2.1100574465073683
0.28540001535267623,2.74565633825603,-2.460256322903354
1.2839587781468969,2.7236562305135448,-1.439697452366648
1.10760457062348,2.7343721161729753,-1.6267675455494952
0.28540001535267623,1.2337481151967735,-0.9483480998440973
4.661423392612843,3.2547936907994797,1.406629701813363
4.4156114435836615,3.3016661599665134,1.1139452836171482
0.28540001535267623,3.049542103813774,-2.764142088461098
0.28540001535267623,3.341245285307115,-3.055845269954439
3.9470007506969336,3.178501432154712,0.7684993185422218
0.9727625377232789,1.4757303312611894,-0.5029677935379104
4.469419237780133,3.2547936907994797,1.214625546980653
4.671289167795459,3.2547936907994797,1.4164954769959794
3.518990383886063,1.1344070152501136,2.3845833686359494
0.31038039016428054,1.4757303312611894,-1.1653499410969088
3.1026769552714497,1.4757303312611894,1.6269466240102604
1.5101100346977514,1.4757303312611894,0.03437970343656205
3.0758741653334765,3.2547936907994797,-0.1789195254660032
3.505430237783841,3.2547936907994797,0.25063654698436144
4.698448503202044,3.2547936907994797,1.4436548124025648
0.28540001535267623,1.00268745222571,-0.7172874368730339
4.449191175749932,3.4430644315104426,1.0061267442394892
6.1075585533476735,3.4430644315104426,2.664494121837231
4.499195572726478,3.4430644315104426,1.0561311412160355
6.245621209433183,3.4430644315104426,2.80255677792274
4.59816824849444,3.4430644315104426,1.1551038169839978
3.7873484929895667,3.4387287944122695,0.34861969857729713
5.5638060871170145,3.4279620789236356,2.135844008193379
0.28540001535267623,3.422366377726163,-3.136966362373487
4.788620988540174,3.422366377726163,1.366254610814011
4.256409103531159,3.422366377726163,0.8340427258049963
4.2686948205823505,3.422366377726163,0.8463284428561875
5.0447587595394685,3.422366377726163,1.6223923818133055
0.28540001535267623,3.4359979802549456,-3.1505979649022695
0.28540001535267623,3.4359979802549456,-3.1505979649022695
0.28540001535267623,3.4629072181685685,-3.1775072028158924
2.93465361402571,3.4629072181685685,-0.5282536041428587
0.28540001535267623,3.4287488362799943,-3.143348820927318
0.28540001535267623,3.4287488362799943,-3.143348820927318
