formula,BG,fidelity
ReTeS,434.34,3
CoAs2,134.809,3
YB4Mo,604.931,3
Sb,205.335,3
SiSbPt,664.09,3
FeSi,371.471,3
SrMgSi,125.268,3
Si3Ag3(SnP3)2,638.344,3
Zr3Ni3Sb4,600.432,3
Mg2Sn,600.111,3
InAuO2,624.828,3
Li2ZnGe,246.519,3
CsIn3,239.329,3
CuSe2O5,218.453,3
As2Rh,327.985,3
GePtSe,549.749,3
TaAgS3,135.914,3
P2Rh,462.593,3
V4As2O13,107.207,3
La3MnGaS7,549.651,3
YNiSb,218.18,3
TiS2,527.308,3
CsMnBr3,205.371,3
LiScI3,507.667,3
As2Ru,733.107,3
ScSbPt,714.997,3
YP5,684.787,3
Sr(CdAs)2,667.467,3
Sr(As3Pt2)2,288.128,3
HfSnPd,321.343,3
CaPAu,303.35,3
LaP5,290.023,3
C,402.06,3
TlBiSe2,846.076,3
KSnSb,827.656,3
KGa3,797.207,3
TaTe4I,824.226,3
YSbPt,151.526,3
OsS2,566.686,3
Cs2K4Fe2O5,184.158,3
AuSe,642.749,3
Li2AgSb,176.788,3
CoP2,618.32,3
CdSb,197.137,3
P3Au2,749.558,3
CsScCl3,756.112,3
Tl(TeMo)3,753.635,3
Ag3Te2Au,809.125,3
FeSe2,938.316,3
Si3P2Pt,892.968,3
BaCaGe,924.236,3
AuSeBr,918.195,3
KZnSb,867.049,3
BaCaSn,907.96,3
Ca2Sb,861.769,3
Bi3ClO4,4143.01,3
Nb2O5,4055.86,3
K2PtF6,4134.81,3
Na5ReO6,4052.41,3
BaLaCuTe3,2409.55,3
Cd(GaTe2)2,1757.64,3
GaP,2547.32,3
WBr6,1754.91,3
MgSiP2,2493.63,3
KYO2,1813.54,3
KAg2PS4,2530.49,3
Ga7Te10,1766.38,3
CdP2,2525.56,3
Ba3GaP3,1805.87,3
KBi(WO4)2,3239.95,3
CuBS2,3179.41,3
YBi2ClO4,3163.25,3
Rb2TaCuSe4,3225.7,3
Hg3(TeCl)2,3216.34,3
RbAg3Te2,1006.05,3
Ca2Si,999.981,3
Hg2GeSe4,997.752,3
Bi4RuI2,1000.22,3
Ta2Pd3Se8,1001.6,3
Sr3(AlN2)2,4050.64,3
TiTl2O3,4060.1,3
Li6MoN4,4118.53,3
Li4MoO5,4067.91,3
Nb2Cd2O7,4080.81,3
K2PdO2,2524.72,3
Cd2SnO4,1792.7,3
Rb2PtS2,2450.35,3
LiP,1791.92,3
RbTeAu,2528.72,3
Sr(InTe2)2,1761.23,3
Ti(PS3)2,2537.8,3
Rb3Sb,1811.01,3
AgI,2537.36,3
NaPt2Se3,1827.39,3
KPSe6,3199.57,3
TaTl(CuS2)2,3159.15,3
Mg(InS2)2,3314.19,3
ICl3,3315.4,3
BaAs2,1021.7,3
HfSe3,1040.58,3
Ca2Ge,999.507,3
TaCuS3,974.121,3
Tl2(CdSb)3,954.514,3
Rb2TeCl6,4158.6,3
BPS4,4189.23,3
RbBiO2,4176.21,3
SbS2NF6,4162.0,3
TiO2,4229.48,3
RbIn3S5,2450.97,3
Cd(InSe2)2,1882.86,3
CuCl,2499.99,3
AgBr,1904.14,3
Ba(AuO2)2,2519.65,3
Ca3BN3,1898.9,3
Si2Hg6O7,2507.28,3
Na2PtSe2,1854.04,3
Ba2PbO4,2505.3,3
Sr2LiReO6,3259.95,3
Ga2S3,3279.68,3
CdPS3,3274.39,3
Ca2PI,3315.83,3
K2GeSe3,3258.73,3
PtS,1133.89,3
PtO2,1088.61,3
As2Ir,1147.66,3
CdP4,1090.33,3
Li3LaP2,1085.14,3
Rb2PtF6,4225.41,3
ZnO2,4174.96,3
CsAu3Se2,4246.74,3
Cs2TaAgS4,4155.74,3
PbI2,4208.04,3
ScTlSe2,1894.65,3
Cs6GaSb3,2483.06,3
Rb3Ge4Au,1942.4,3
WO3,2502.27,3
Li3As,1897.46,3
CsIn5S8,2622.96,3
Na3Sb,1885.92,3
IrBr3,2611.86,3
K5As2Au,1930.75,3
CsCuO,3287.28,3
Hg3(SeCl)2,3278.11,3
PbO,3253.65,3
YCuPbS3,3307.28,3
Pt(SCl4)2,3254.7,3
Sc4C3,1121.16,3
Na3InAs2,1112.53,3
LaZnAsO,1117.07,3
Sb2WO6,1080.24,3
TiNb3O6,1140.72,3
BiI3,4188.16,3
Cd4OF6,4178.4,3
Li4GeS4,4249.45,3
Y2NCl3,4184.08,3
Rb2Pt3S4,2626.23,3
Ca(MgSb)2,1894.34,3
NaRhO2,2562.32,3
ZrSnS3,1935.59,3
Rb3AsSe4,2589.54,3
TeI,1902.19,3
SnO2,2585.63,3
AlTlSe2,1868.56,3
Sr5(AuO4)2,2636.11,3
Cs2Se3,1881.71,3
BaTe,3370.9,3
Rb2PtCl6,3395.21,3
Be4TeO7,3394.35,3
Cd(GaO2)2,3372.05,3
SiC,3440.77,3
NaTiCuS3,1144.42,3
As2Os,1176.03,3
BaLaI4,1185.64,3
CdTe,1228.56,3
LiNbS2,1168.45,3
CaSe,4221.07,3
TeO2,4247.68,3
Na4ReN3,4306.12,3
ClF,4250.57,3
NaAgF4,2631.23,3
Hg2P3Cl,1893.29,3
Ca3AsN,2587.61,3
HfTlCuS3,1927.03,3
KHgF3,2587.62,3
K3As,1939.4,3
RbHgSbSe3,2576.32,3
PPdSe,1919.78,3
In2O3,2700.63,3
PdPbF4,1964.19,3
RbCaAs,3377.56,3
Li2PdF6,3351.29,3
RbSnI3,3377.89,3
Ca4GeN4,3441.27,3
PdS2,1235.02,3
Sr3GeO,1205.56,3
Ga2HgTe4,1193.19,3
Tl5Se2Br,1227.9,3
InP,1196.77,3
SrZnO2,4255.67,3
Na3AuO2,4299.98,3
BaHgO2,4309.15,3
CdWO4,4311.89,3
MgTe,4430.56,3
NaSi,2712.74,3
K2AgBi,2045.72,3
PdCl2,2728.53,3
Rb2As2Pt,1957.87,3
LiMgAs,2736.81,3
ZnGeP2,1983.78,3
Al2ZnTe4,2740.64,3
KTlO2,2024.28,3
Na2B2Se7,2732.1,3
Ba2ZnN2,1996.3,3
SbPbClO2,3443.21,3
Cs2HgI4,3441.14,3
K2W2O7,3397.84,3
Li10BrN3,3358.96,3
Al2Se3,3538.6,3
K2SnBi,1226.45,3
K2SnTe5,1292.86,3
SrCaGe,1255.13,3
CdGeP2,1312.2,3
NbSeI3,1308.27,3
Li2Te,4429.61,3
Cs2SeCl6,4415.82,3
ZrSO,4393.73,3
K2B2S7,4408.64,3
IBr,2703.67,3
Ge19(PI)4,1952.56,3
Na3MoN3,2716.21,3
Cs3Ge4Au,2019.39,3
VHgO3,2717.51,3
Ta(ICl)2,2040.43,3
Rb2NbCuSe4,2742.89,3
BaGe2,1978.34,3
WSe2,1986.31,3
Ca(AuO2)2,2721.91,3
Cs2TeBr6,3470.86,3
Al2CdSe4,3472.99,3
CsAgO,3531.44,3
RbAgO,3536.26,3
RbCaSb,3465.9,3
Ba(CdP)2,1340.64,3
Ba2Tl2O5,1285.68,3
P10Au7I,1344.16,3
NaNbS2,1329.73,3
LiCuO2,1290.81,3
ZrNCl,4408.7,3
Cs2PtF6,4359.42,3
Na5AsO5,4443.41,3
TlCdBr3,4411.8,3
SbIrS,1994.38,3
AgHgSI,2666.67,3
K2LiGaAs2,2725.44,3
KAuBr4,2034.01,3
K2NaInAs2,2073.89,3
NaBiO2,2830.35,3
Bi2SO2,2056.25,3
TlAuCl4,2806.43,3
O2,2112.52,3
K3Ag3As2,2790.58,3
RbAuSe,3472.17,3
K2NbAgS4,3504.86,3
K2S5,3491.87,3
KTlBr4,3483.0,3
Ba(CuO)2,3451.89,3
Ag2CO3,1347.99,3
SrCaSi,1288.23,3
Sr2Si,1282.67,3
ZrBr3,1254.25,3
TlInTe2,1350.42,3
CaHgO2,4393.29,3
Sr4Li(BN2)3,4442.24,3
KVO3,4352.6,3
Li5ReN4,4430.16,3
InClO,4497.96,3
Be2C,2084.42,3
La4Se3O4,2805.71,3
K2GeAs2,2053.7,3
Tl3BS3,2750.17,3
Ti(SnO2)2,2063.12,3
CsNbN2,2827.6,3
PtI2,2140.01,3
CsLaCdTe3,2826.97,3
BiAuBr6,2128.43,3
Na2PdCl4,2798.28,3
KCuO,3515.67,3
NaInS2,3518.47,3
CaPSe3,3637.54,3
CsBr2F,3649.66,3
CsAu,3587.43,3
BeP2,1440.28,3
BaNaBi,1351.07,3
Sr3As4,1448.56,3
P2Pt,1427.63,3
Sr(ZnP)2,1403.8,3
Ca3(GeAs2)2,1423.93,3
Ti(SeO3)2,4478.55,3
PbF4,4478.37,3
Rb2HgO2,4547.41,3
MgGeN2,4482.01,3
I2O5,4472.39,3
SrTiN2,2104.96,3
Sr(InSe2)2,2811.07,3
Cs2CuF6,2098.73,3
SnS2,2832.84,3
Na2CuAs,2123.46,3
TlSbS2,2776.24,3
KZnP,2064.4,3
NaAgO,2831.88,3
K3InP2,2820.17,3
Rb2VCuS4,2148.72,3
MgPSe3,3602.64,3
La2TeO2,3611.37,3
LiInO2,3567.19,3
KAgO,3562.09,3
KAuSe,3566.85,3
Rb2S5,3598.95,3
RbPb,1382.57,3
Te2Br,1443.8,3
TiCoSb,1386.96,3
K2Pd3Se4,1370.5,3
Ag2GeS3,1398.23,3
Li4TaN3,4517.15,3
CsSbO2,4472.48,3
TiBr4,4475.18,3
GaCuCl4,4458.9,3
Hg3(BO3)2,4504.08,3
Tl2Sn(AsS3)2,2062.71,3
Cs2Ti(CuSe2)2,2757.38,3
AgHgAsS3,2146.36,3
Sr2VN3,2780.56,3
BaCu2SnS4,2073.75,3
Rb2PtC2,2948.79,3
Na2PtO2,2858.44,3
FeSO4,2065.84,3
RbInTe2,2210.09,3
K2TeI6,2890.67,3
Mg(AuF4)2,3569.71,3
ZrI4,3551.46,3
SrSnO3,3628.39,3
V2Cd2O7,3633.73,3
BaPSe3,3714.19,3
ReCl3,1420.83,3
Zn(InTe2)2,1510.34,3
ZrCl2,1528.39,3
LiAg3O2,1507.26,3
Sr3(InP2)2,1510.03,3
Na2O2,4626.29,3
Na2Te,4612.25,3
BaS,4622.81,3
K2HgO2,4561.97,3
K2PtBr6,2208.28,3
MgB9N,2936.02,3
Ca4Sb2O,2223.6,3
BaPdF4,2901.07,3
AgAuF4,2157.06,3
AlP,2872.12,3
RhBr3,2185.44,3
Ag2SO4,2917.01,3
CsTe,2178.11,3
K2SiP2,2851.9,3
KInP2S7,3659.36,3
Rb2NaRhF6,3688.43,3
InBrO,3659.11,3
Al2ZnSe4,3678.66,3
Sr3ScRhO6,3652.18,3
SrP,1520.74,3
CdHgO2,1502.11,3
Nb2Se9,1501.55,3
Bi2SeO2,1507.72,3
TaSbRu,1482.07,3
BaTeO3,4558.83,3
TlSnF7,4628.13,3
KIO3,4560.63,3
Cs2HgF4,4553.9,3
Na3SbSe4,2236.9,3
Ca4As2O,2864.24,3
Ba2HfS4,2181.61,3
Hg2NO4,2876.64,3
NaLi2Sb,2161.08,3
K4Ta2S11,2941.93,3
BaP10,2193.49,3
Rb2S3,2944.98,3
K2AgP,2872.72,3
KLi2As,2184.69,3
NbAlCl8,3733.24,3
K2Zn3O4,3684.67,3
Cs2HfI6,3737.15,3
V2Zn2O7,3730.71,3
Y4OsBr4,1497.81,3
CuP2,1497.63,3
BaCu2SnSe4,1457.61,3
NaZrCuSe3,1508.73,3
TeRhCl,1606.81,3
CsCu2Cl3,4550.9,3
Na3AgS2,4608.71,3
Cl2,4711.13,3
BaZnO2,4672.36,3
BaTiO3,4663.15,3
VNCl4,2186.58,3
SbSI,2885.75,3
LiInSe2,2903.47,3
GaSe,2202.53,3
Sr4PdO6,2899.7,3
Ba4NaCu(CO5)2,2235.47,3
KSbS2,2981.78,3
La2S3,2197.32,3
Pd(SCl3)2,3030.85,3
Hg2P3Br,2176.24,3
K2TeBr6,3761.4,3
TlCl2,3765.64,3
B6P,3838.03,3
CsBr3,3801.83,3
B6As,3845.91,3
NaAuSe2,1639.89,3
KAg2AsO4,1646.0,3
NaTaN2,1562.16,3
BaP3,1564.18,3
Ca(ZnP)2,1608.83,3
BI3,4708.97,3
KAg(NO3)2,4697.89,3
Sr2CaWO6,4667.13,3
Ba3Nb2ZnO9,4735.52,3
NaSrP,3019.68,3
Li2PbO3,2317.53,3
AuBr,2975.75,3
CsSnBr3,2266.94,3
CsBiS2,3019.37,3
Hf3N4,2330.94,3
AsSeI,2259.04,3
GaN,3025.6,3
K3Sb2Au3,2285.36,3
Cs2NbAgSe4,3005.72,3
K3BP2,3832.59,3
TlI,3829.35,3
CdI2,3785.07,3
K2NaAlP2,3759.11,3
Rb3Sn4Au,1607.96,3
KCuTe,1647.05,3
Rb2Pd3Se4,1563.8,3
BaCuN,1581.87,3
YN,1687.29,3
GeSe,1661.22,3
SO2,4755.79,3
TeSeO4,4845.69,3
AlBiBr6,4781.53,3
KLiTe,4827.14,3
InPO4,4812.38,3
BiIO,2953.69,3
Tl2TeS3,2349.05,3
CsCu3O2,3043.8,3
KGaTe2,2337.83,3
NaNb(CuS2)2,2957.56,3
LiBeP,2257.41,3
Rb2SnAs2,2256.24,3
K2PdCl4,3076.09,3
Cs2SnAs2,2324.8,3
KTlO,3061.56,3
Rb2TaCuS4,3828.3,3
Sr3CdPtO6,3833.29,3
MoPbO4,3871.05,3
BrNO3,3939.2,3
KAuF4,3899.0,3
TiNCl,1704.22,3
FeS2,1725.38,3
Ba(PdS2)2,1686.85,3
SrLiSb,1728.11,3
Na5GeAs3,1714.68,3
Sr2Ta2O7,4776.95,3
NbBiO4,4819.54,3
TiSO5,4778.32,3
Ba2SnO4,4783.94,3
KP,2278.29,3
Tl2SiSe3,3080.12,3
Rb2GeSe3,3066.75,3
Cd2GaAgS4,2348.27,3
K3Cu3P2,3115.0,3
Cs3Sb,2390.1,3
HgPS3,3112.64,3
InBr,2397.46,3
Cs2TiS3,2449.76,3
Sr2GeSe4,3090.68,3
Ba2CdS3,3855.05,3
Sr(InS2)2,3906.43,3
MgV2O6,3861.02,3
Rb2Cr2O7,3878.96,3
Sr(BeN)2,4030.61,3
Sr3(GeAs2)2,1652.86,3
Bi4O7,1710.28,3
Tl2O,1709.47,3
LiCaSb,1657.82,3
TePb,1705.8,3
Tl2MoO4,4760.18,3
SrTeO4,4751.01,3
KAs4BrO6,4940.18,3
Tl3AsO4,4921.96,3
Rb2O,4891.7,3
SeBr,3110.28,3
Cd(GaSe2)2,2372.4,3
Li2PdO2,2350.81,3
HgSO4,3072.53,3
SiP2,2442.2,3
PtPbF6,3197.39,3
Tl2B2Se7,2387.72,3
InGaO3,3228.16,3
K2In3AgSe6,2354.19,3
InOF,3154.33,3
GaI3,4031.18,3
Rb2PbO2,4043.09,3
Ba2ZnS3,4001.1,3
SrTlPS4,3970.55,3
RbLiZn2O3,4038.03,3
K2VCuSe4,1707.46,3
BaLiAs,1822.47,3
Tl2Sn2S3,1808.63,3
OsO4,4890.41,3
ZnSe2O5,4852.99,3
BaSbClO2,4931.83,3
KGeNO,4867.93,3
P3N5,4873.4,3
P2PdO6,3202.1,3
InGaSe3,2440.83,3
Ba(BeN)2,3175.56,3
K4HgAs2,2385.4,3
Cs2PtC2,3157.67,3
HgI2,2434.4,3
MgPdF6,3229.03,3
KNb(CuSe2)2,2368.2,3
Zn(AuF4)2,3245.41,3
CrHgO4,2370.42,3
K3Nb3Si2O13,4049.86,3
Ba(InS2)2,4009.68,3
CsCu3S2,4016.3,3
K2LiAlP2,3958.05,3
KSn2Cl5,4974.27,3
SrGa4O7,5004.29,3
CsIO3,5041.54,3
RbLiSe,4999.83,3
Na3GeSe3,3203.19,3
Sb2S3,2364.42,3
BaCrO4,3956.46,3
Sr2GeS4,4041.52,3
InPS4,4082.58,3
BrF3,4060.24,3
Li2WO4,5042.2,3
La2Sn2O7,4975.08,3
PbSeO3,5055.45,3
CdBr2,5064.14,3
BeS,5063.25,3
BaCaSi,929.17,3
CoPSe,896.63,3
Ba2CuClO2,902.847,3
Na4FeO3,903.441,3
Cs2Sn(GeO3)3,5112.18,3
Cd4P6SN12,5059.72,3
K3BS3,5081.77,3
Sn3BrF5,5080.69,3
Sr3V2O8,5073.34,3
K2ZrO3,7386.14,3
SrIF,7372.38,3
SrHfO3,7397.81,3
CsMgBr3,7516.99,3
InBF4,7476.59,3
ZrI3,852.895,3
Ag2BiO3,1029.87,3
TlBiTe2,999.89,3
CsAg3Se2,952.139,3
Ca3GeO,1009.93,3
RbPb2Br5,5219.95,3
CaInBr3,5231.74,3
CaTiGeO5,5186.84,3
Sr3Te4O11,5249.48,3
NaCaVO4,5156.59,3
NaZnF3,7543.22,3
CsLiBr2,7624.48,3
CsK2Sc(PO4)2,7560.0,3
BN,7589.38,3
Na3YBr6,7612.94,3
Cs2SnI6,1026.67,3
MnP4,1018.97,3
KSnAs,1030.84,3
Sr(GaTe2)2,1018.59,3
NbTeI3,1022.95,3
CaPS3,5175.65,3
Na4WO5,5184.14,3
Li4TeO5,5185.2,3
BaPS3,5309.81,3
PbBr2,5313.75,3
Na3SbO3,5279.13,3
AlAsO4,7729.89,3
Na2MgSiO4,7660.6,3
NaPN2,7770.2,3
Na4B2O5,7813.16,3
LiBiF4,7782.31,3
K3Sc(PO4)2,7780.23,3
ZrSe2,1125.29,3
TlSe,1059.23,3
RbSc5Te8,1096.1,3
LiAuI4,1086.61,3
LiAs,1071.04,3
TlCdCl3,5250.23,3
Ca(SbO3)2,5346.85,3
Ba3V2O8,5275.37,3
ScTl(MoO4)2,5288.97,3
Sr2BN2Cl,5447.11,3
MgBr2,7865.46,3
Na2SiO3,7887.99,3
Sc2(SO4)3,7881.15,3
Li2NbF6,7869.66,3
NaBr,8000.49,3
GeTe,1070.01,3
Si3Os2,1094.48,3
NaNbSe2,1133.72,3
NbSbRu,1106.9,3
Cu2SiSe3,1088.39,3
Na3PS3O,5449.55,3
CsAl(MoO4)2,5438.72,3
K2Se,5377.75,3
Ba2ZnO3,5358.25,3
SrTa2O6,5403.67,3
Ca2SnO4,5368.72,3
KAl(MoO4)2,5425.43,3
ScPO4,7976.96,3
Ba2LaC3O9F,8045.48,3
CsBr,8083.13,3
SrLiBO3,8125.75,3
Na2Mg(CO3)2,8059.48,3
LiAlO2,8152.13,3
TaTlS3,1120.86,3
SiTePt,1069.08,3
Sr2Ge,1214.59,3
ZrSe3,1172.87,3
CoAsS,1182.49,3
PbSeO4,5475.77,3
PBr3,5482.95,3
Cs3As5O9,5542.87,3
BaSiN2,5523.56,3
TaBO4,5480.13,3
ZnP4O11,8168.31,3
Ba2Mg(BO3)2,8200.35,3
Mg2BO3F,8278.63,3
ZrPbF6,8309.21,3
AsF3,8422.96,3
AsF5,8402.81,3
Ba2GeP2,1199.51,3
Rb2Ni3Se4,1220.0,3
TiSnPt,1193.47,3
LaCuTeS,1162.33,3
Na4FeO4,1206.15,3
SeO2,5524.6,3
K2O,5529.95,3
Na4I2O,5452.68,3
NOF,5545.81,3
SrBiBrO2,5511.32,3
Cs2NaVO4,5511.06,3
BaSiO3,8413.64,3
BaZnF4,8496.69,3
KAsF6,8481.33,3
CsMgPO4,8522.92,3
SrBrF,8586.38,3
SrAs,1174.36,3
CdSe,1306.54,3
Ba(MgBi)2,1346.97,3
GeAs2,1336.94,3
MgP4,1257.24,3
RbLa(MoO4)2,5539.56,3
BaO2,5561.19,3
BrF5,5579.28,3
CsGaS2,5629.04,3
GaF3,8560.23,3
Ba3In2F12,8633.7,3
Ba2MgSi2O7,8626.97,3
Y2Si2O7,8683.95,3
Cs2NaYCl6,8758.5,3
KNbS2,1266.88,3
Tl2Pt2O7,1332.35,3
Te2I,1267.35,3
Ba(ScTe2)2,1274.37,3
SnSe,1283.53,3
RbNaS,5608.89,3
In2P2O7,5598.01,3
Na2ZnGeO4,5594.68,3
BiCl3,5719.13,3
SnClF,5650.13,3
RbMgCl3,8799.85,3
Li2CaSiO4,8904.7,3
MgP4O11,8881.15,3
BeBr2,9047.48,3
RbSbF6,8977.13,3
NbFeSb,1322.94,3
In2HgS4,1296.21,3
VS4,1344.71,3
HfTlCuSe3,1269.49,3
Ca3(CoO3)2,1339.79,3
Mg2As2O7,5746.57,3
LiZnAsO4,5711.26,3
LiGaBr4,5748.83,3
CsNaS,5673.38,3
SbAsO3,5656.56,3
BaSnF6,9046.0,3
SrAl2B2O7,9077.87,3
KSrPO4,9129.43,3
SrCl2,9239.05,3
P2Os,1399.15,3
Li4NCl,1413.56,3
ZrCoBi,1394.13,3
Cs2PdI6,1368.28,3
LiZnN,1394.79,3
SbClF8,5665.31,3
CaH2,5849.33,3
LiN3,5753.23,3
Ba(IO3)2,5800.56,3
Na2S,5795.76,3
Mg3(PO4)2,9221.4,3
Na2Ca(PO3)4,9242.18,3
K2Be2PbF8,9191.46,3
CsMgCl3,9294.09,3
NaAlPO4F,9304.8,3
K(MoS)3,1366.01,3
Ba(AgTe)2,1437.47,3
KPb,1363.56,3
ZnCu2GeS4,1380.8,3
SnSe2,1432.7,3
SnB4O7,5803.61,3
BaPbF6,5786.56,3
RbTaO3,5777.21,3
K2TiO3,5911.52,3
K2Zr3OF12,9302.28,3
LaSiBO5,9259.29,3
SrZnF4,9370.05,3
BaMgP2O7,9377.24,3
RbPO3,9396.71,3
CoAgO2,1447.87,3
RbSb,1400.34,3
Ca(BC)2,1534.5,3
PbS,1542.6,3
ClO2,1525.75,3
CaBiClO2,5867.86,3
TaInO4,5881.84,3
Rb3GaO3,5898.0,3
Sr3Ga4O9,5850.1,3
K2S,5964.28,3
NaAlCl4,9508.77,3
Na2SnF6,9465.41,3
RbCl,9618.96,3
KAl(SO4)2,9577.52,3
CaCl2,9652.91,3
RbAuBr3,1460.29,3
Te4MoBr,1488.0,3
K2Te2Pt,1496.27,3
Ba3(Si2P3)2,1492.54,3
LaS2,1488.19,3
CdCl2,5983.04,3
SrSeO3,6003.5,3
K2TeO3,6024.62,3
Li2TeO3,6000.41,3
CsPbF3,6024.7,3
Li2BeSiO4,9664.98,3
SiO2,9740.03,3
BaClF,9848.77,3
YPO4,9750.88,3
NaSnP,1486.48,3
VCu3Se4,1491.37,3
Hg2As3Br,1468.54,3
CuSbSe2,1457.36,3
Ba2FeMoO6,1493.01,3
Li2SnO3,6014.81,3
LaBr3,6064.87,3
Ba2YTaO6,6133.29,3
BaZrO3,6079.96,3
Ta2Zn3O8,6085.63,3
TlBF4,9755.83,3
K2ZrF6,9919.5,3
GeF4,9951.03,3
BaZr2F10,9969.35,3
LaPO4,9957.37,3
FeSi2,1468.88,3
CsAuCl3,1563.28,3
Ca3BiN,1641.44,3
NaSe,1558.96,3
MgAs4,1593.24,3
HfTe3O8,6115.28,3
K2MoO4,6115.38,3
KBrO3,6215.64,3
BeAlH5,6176.11,3
KReO4,6182.11,3
SiO2,10078.7,3
K2GeF6,10271.3,3
Rb2GeF6,10538.6,3
CsBe2BO3F2,10718.3,3
Cs2NaAlF6,10793.0,3
Rb2Te3,1563.22,3
RbAs,1563.74,3
PdI2,1592.82,3
BaAg2GeS4,1579.71,3
CuTe2Br,1641.26,3
NaLiS,6212.97,3
SrWO4,6186.06,3
AsCl3,6318.5,3
KAsO2,6347.72,3
BaN6,6326.01,3
KRb2GaF6,11001.2,3
BeO,11054.6,3
KBe3ZnF9,11175.0,3
BeSO4,11352.0,3
Li2CaHfF8,11370.6,3
KTe,1694.05,3
NaInTe2,1720.88,3
AuClO,1723.6,3
YAgTe2,1662.39,3
Zn(GaTe2)2,1695.72,3
TaAlO4,6323.22,3
CsMgH3,6280.07,3
Rb2MoO4,6255.29,3
Ca2BN2F,6260.51,3
Rb3AlO3,6378.33,3
Cs2CaF4,11685.7,3
KF,12239.0,3
NaF,12410.1,3
CsCaF3,12531.9,3
KMgF3,12746.7,3
TeAuBr8,1746.65,3
Na2AsAu,1698.87,3
KNa4GeAs3,1697.22,3
Ca(RhO2)2,1653.78,3
CdAg4Ge2S7,1721.86,3
GeF2,6425.46,3
Ba3NaTaO6,6419.4,3
BaSeO3,6446.99,3
PCl3,6549.57,3
Al2ZnO4,6528.09,3
Cs2NaAl3F12,12704.2,3
LiPF6,12845.1,3
BaSiF6,12923.3,3
SrAlF5,13040.9,3
NaCaAlF6,13186.4,3
NaCuO2,1652.79,3
ReSe2,1656.66,3
RuS2,1740.85,3
NaHfCuSe3,1681.48,3
Ba(InTe2)2,1829.29,3
MgSiN2,6461.1,3
Zn4P6SN12,6531.03,3
SrCdP2O7,6534.67,3
RbBrO3,6510.59,3
Rb2TiO3,6488.44,3
K2SiF6,13431.3,3
Na2LiBe2F7,13476.8,3
SiF4,14003.8,3
CF4,16028.2,3
KAuSe2,1792.37,3
KAgSe,1819.06,3
NaSbS2,1820.64,3
RbTe,1773.29,3
NaGe,1798.66,3
MgO2,6570.09,3
Sr2YSbO6,6596.14,3
Na2SeO4,6647.55,3
Zr4Cd(PO4)6,6620.01,3
SnF4,6641.97,3
Sr2Pb,116.223,3
Rh2S3,142.81,3
K2MnSe2,127.662,3
Li2MnO3,144.493,3
Tl4Te3Pb,165.212,3
BaCuTeF,1848.34,3
TlPt2S3,1788.55,3
RbCuPdSe5,1752.42,3
LaCuSe2,1760.45,3
CuRhO2,1795.26,3
BaBAsO5,6588.91,3
K2NaTlF6,6659.01,3
KNa2BO3,6668.04,3
BaGeO3,6721.84,3
ScNiSb,191.663,3
RbMnBr3,176.861,3
CaAgAs,220.49,3
Cu2GeS3,159.021,3
CuAgO2,159.049,3
BaYAgTe3,1891.97,3
Zn(InSe2)2,1933.04,3
Au2O3,1878.92,3
NbCl4,1939.06,3
Sc2(SeO3)3,6731.7,3
HfCl4,6683.56,3
SrZrO3,6742.75,3
KHSeO3,6772.77,3
RbLaO2,6766.17,3
ZrSnTe,207.079,3
CaSbAu,167.371,3
Nb3I8,232.454,3
MoCl3,276.974,3
MoSe2,1891.2,3
PdF4,1885.61,3
P4Ru,1881.87,3
BaSe2,1891.93,3
K2As2Pd,1852.86,3
Mg4Ta2O9,6823.78,3
CaZn2(PO4)2,6838.6,3
Ba4I6O,6825.26,3
NaCSN,6765.06,3
ZnCl2,6864.68,3
Cs6Fe2O5,311.117,3
Ba(ZnP)2,343.562,3
Sb2Ru,261.039,3
Cs2CoSe2,254.678,3
Na2In,344.888,3
Cs2As2Pd,1850.08,3
Ba4Sb2O,1931.23,3
K2Se5,1862.75,3
Rb5SiAs3,1861.87,3
YZnAsO,1894.34,3
As2SO6,6903.21,3
Rb2Li2GeO4,6895.28,3
Ba10P6SO24,6934.43,3
BaSi3SnO9,6908.2,3
K3FeO3,359.138,3
TlTe3Pt2,355.228,3
FeTe2,387.349,3
Te2Ru,477.349,3
CdAs2,484.112,3
Na2AgSb,1928.61,3
CuSe2Cl,1907.18,3
CuSbS2,1932.44,3
FeMoO4,1850.94,3
Na2PdS2,1995.54,3
SbF3,6903.16,3
ZnSO4,6933.61,3
RbN3,6984.37,3
NaYGeO4,7008.11,3
BaLa2BeO5,7029.41,3
MgB4,540.139,3
SrCuSb,475.547,3
BaBiO3,548.12,3
GaAs,576.934,3
RbGa3,625.89,3
TlInSe2,2028.06,3
Tl2PdCl4,2021.83,3
Cs2P3,1968.52,3
GaTe,1992.65,3
K2PtSe2,2010.64,3
PNCl2,6977.31,3
HfO2,6975.35,3
K2ZrGe2O7,7137.71,3
KScO2,7102.85,3
Na4Hf2(GeO4)3,7138.88,3
Mg2Ge,604.807,3
LaTeAs,640.619,3
Si3Ru2,579.707,3
CsCuBr3,607.533,3
Fe(SiP)4,1990.73,3
K2Te2As,2021.35,3
K2WSe4,2009.97,3
Sc2CCl2,2040.53,3
Ca3VN3,2040.34,3
Rb3PbCl5,7054.48,3
Y2C(NO)2,7135.09,3
La2MgGeO6,7173.26,3
Si2CN4,7168.77,3
Li4GeO4,7241.3,3
GaAgTe2,624.412,3
Ba(GeAs)2,663.941,3
Ca(ZnAs)2,732.659,3
GaCuTe2,747.621,3
FeAs2,665.757,3
Rb(SbSe2)2,2011.64,3
Zn(RhO2)2,2043.76,3
ZnSe,2144.59,3
GeS,2127.98,3
Co(ClO4)2,2104.22,3
Cs2NaAsO4,7163.14,3
Si3N4,7184.42,3
Sr10P6SO24,7230.27,3
Ca2Hf7O16,7191.54,3
SrCuP,682.698,3
Ca(PIr)2,656.353,3
Ba(As3Pt2)2,663.769,3
Si3NiP4,836.556,3
KSb2,810.432,3
AlAgTe2,2120.85,3
NaNbO2,2144.89,3
Al2Te5,2116.97,3
Sr3(GeP2)2,2050.45,3
Ba(TeP2)2,2051.52,3
CaO,7313.96,3
SrGa2(SiO4)2,7263.07,3
RbI,7293.72,3
LiGaSiO4,7264.1,3
LaAsO4,7264.49,3
K2Ag4S3,827.521,3
Te,756.151,3
TlPd2Se3,793.905,3
SnTe,774.157,3
PtSe2,936.191,3
Pb3O4,2118.58,3
In2S3,2063.54,3
CdSnF6,7366.05,3
Na2Pd3O4,901.572,3
Rb2Te5,886.062,3
Na2ZnSiO4,6452.4,3
Ba2SiSe4,4057.55,3
NaN3,6633.03,3
Tl2SiS3,4071.36,3
SrMgGe,106.37,3
NaCuSe,138.722,3
PdSeO3,2146.31,3
AuCl2,1751.17,3
CuBr,2124.31,3
Ca3AlAs3,1827.22,3
Rb2WS4,3173.32,3
NaV(OF)2,3183.16,3
La2SeO2,4453.74,3
K2Sn2O3,2763.58,3
LiCuO,2820.95,3
HgBr2,4485.4,3
LiBO2,9206.65,3
CsTa(BO3)2,5729.72,3
AlH12(ClO2)3,9247.35,3
AlCuCl4,5692.08,3
Ca4Cl6O,9150.98,3
SeOF2,6571.57,3
Rb2TaAgS4,4112.25,3
CaCN2,6583.93,3
Ba2TaN3,4094.33,3
TlZnPO4,6645.09,3
GaPS4,4134.9,3
Na4GeO4,6593.18,3
Cr4InCuSe8,122.086,3
InAgTe2,168.439,3
Na4CoO4,165.268,3
CsMnI3,176.632,3
Na2CuP,2140.97,3
K2LiInAs2,1844.13,3
HfSnS3,2064.25,3
VCu3S4,1815.93,3
K2Pd3S4,2131.67,3
KV(CuS2)2,1798.05,3
NaP,2061.44,3
Rb2VAgSe4,1822.89,3
Ba2BiSbO6,3208.68,3
NaCuO,3215.34,3
K2TaCuSe4,3170.97,3
Na4SnSe4,3248.7,3
SbBr5F6,3151.11,3
RbTa(CuSe2)2,2839.58,3
LiCa4(BN2)3,4518.3,3
Ba2VN3,2827.91,3
LaVO4,4454.46,3
NaAlTe2,2909.08,3
BaTi(BO3)2,4579.6,3
K2NaInP2,2862.81,3
K2SnCl6,4640.16,3
PbBrCl,5825.03,3
CsCl,9290.58,3
K2NaAlH6,5816.37,3
Ba3(PO4)2,9269.5,3
AlI3,5771.4,3
KNa2(PO3)3,9273.45,3
RbIn(MoO4)2,5840.68,3
KAuS,4123.87,3
KCdF3,6596.26,3
Sr4Ti3O10,4077.55,3
Mg(BeN)2,6693.25,3
CaIn2O4,4249.22,3
RbScO2,6713.23,3
KAs4IO6,4199.03,3
RbNa2BO3,6712.29,3
Ga4GeO8,4206.71,3
Li3LaSb2,242.762,3
Sr2Sn,192.432,3
CaAsAu,247.412,3
PbAu2,233.678,3
CuTe2I,1801.53,3
Cr2Ag2O7,2072.38,3
KSb,1822.76,3
Sc2CdS4,2198.64,3
BP,1885.52,3
Ca2NCl,2167.07,3
K4CdAs2,2247.31,3
InSe,1861.94,3
Li4PbO4,3349.62,3
LiCaN,3253.61,3
Cd2SiO4,3280.95,3
Rb2Cd(PSe3)2,3345.58,3
Na3BiO4,2911.62,3
LiGaBr3,4587.11,3
ZnGeN2,2918.48,3
CsNaTe,4582.65,3
CaGeN2,4592.0,3
Ga2PdBr8,2858.72,3
NaAlSe2,4602.14,3
B6O,2870.02,3
Al2O3,9315.42,3
Li2ZnGeO4,5777.83,3
RbLiCl2,9425.88,3
KNaS,5843.71,3
Mg(PO3)2,9402.87,3
BaMoO4,5770.99,3
YAl3(BO3)4,9441.53,3
NaGaO2,5894.58,3
Li2ZnSiO4,6745.38,3
Sr3(BS3)2,4235.22,3
Na2Li3GaO4,6652.86,3
BaSe,4180.71,3
TaTeCl9,4216.62,3
RbSO2F,6737.93,3
VPO4,225.954,3
MoBr3,219.085,3
YIr,318.654,3
Ba3CrN3,329.847,3
SiRu,336.001,3
Ba2SiTe4,2167.03,3
Bi(TeBr2)2,1933.0,3
Sr3P4,1870.15,3
Hg2GeO4,2235.87,3
ScAgSe2,1858.48,3
KPt2S3,2205.14,3
B,1928.65,3
Na2AgAs,2161.29,3
Ag2SeO3,3276.38,3
TaTeBr9,3348.64,3
Sr(CuO)2,3335.45,3
TaCu3S4,3255.24,3
LiInGeO4,4620.71,3
InTeI,2890.61,3
SBr2O,4646.36,3
AuF3,2932.88,3
TaTl3S4,4599.34,3
K4HgP2,2921.29,3
NaVO3,4585.62,3
NbNO,2855.85,3
MgSO4,9512.07,3
CsMgI3,5910.1,3
Ba(AlCl4)2,9490.09,3
RbLiS,5879.72,3
NaCl,9596.34,3
Li3BN2,5915.39,3
Na2SO4,9563.63,3
K4Zr5O12,5880.4,3
Li2O2,4217.12,3
HfGeO4,6685.01,3
Ga2O3,4197.64,3
CaI2,6789.87,3
K3SbS4,4188.48,3
KN3,6833.06,3
K3AlTe3,4246.54,3
KAsOF4,6793.72,3
BaSnHg,254.566,3
Ca(CdSb)2,274.801,3
CaAgSb,449.492,3
LiAlGe,387.004,3
TiI4,1932.42,3
Ca2ZnN2,2217.7,3
ZrS3,2235.96,3
Al2HgTe4,1928.6,3
GaAgS2,2191.53,3
K2P3,1906.82,3
Rb5GeP3,2177.21,3
TlPd3O4,1912.42,3
K2SnSe3,3262.3,3
K2PAuS4,3288.43,3
InI2,3279.01,3
Zn(SbO3)2,3330.2,3
Tl6SI4,4585.35,3
Cs2Pt3S4,2887.55,3
GaBr2,4697.62,3
K3SnSe3,2925.95,3
NaNbO3,4693.89,3
K2CuAs,2877.16,3
Sr(BS2)2,4739.18,3
BaSnS2,2928.58,3
Cs2SnF6,9618.93,3
GaAsO4,5853.57,3
Li2GeF6,9725.43,3
SrN6,6011.4,3
CsAlCl4,9661.13,3
Zn3S2O9,5962.03,3
KBiP2S7,4192.9,3
NaI,6810.91,3
Ca3PI3,4230.35,3
Na3BO3,6831.48,3
LaBN2,4196.66,3
KLi6TaO6,6815.47,3
Sr3BPO3,4216.69,3
K4CdCl6,6916.73,3
HfCu2Te3,398.241,3
LiSi,410.372,3
LiAlSi,452.345,3
Sr(ZnAs)2,517.742,3
HgAsO3,2249.51,3
Ba(MgSb)2,1910.16,3
BaHgS2,2152.59,3
I,1894.63,3
Hf(Te2Cl3)2,2182.39,3
Nb2Hg2O7,1901.87,3
K2VAgS4,2204.84,3
LaTaN2O,1865.12,3
CsAuO,3435.29,3
Rb2TeBr6,3362.85,3
PI2,3408.97,3
GaS,3402.54,3
K3SiTe3,3395.84,3
TlIO3,4745.36,3
BaYAgSe3,2919.58,3
RbGeIO6,4692.22,3
GeAsSe,2931.34,3
Ba2CaWO6,4746.11,3
YSF,2973.6,3
TaPCl10,4659.49,3
KCl,9770.88,3
GeO2,6018.09,3
Al4(B2O5)3,9824.05,3
NaIO3,5977.08,3
HfF4,9821.62,3
SbCl3,6029.04,3
CsSbClF3,5953.42,3
Li3PO4,9863.35,3
K2SrTa2O7,4177.68,3
NaCdF3,6925.05,3
LiVO3,4224.14,3
NaSi2N3,6868.12,3
NaYS2,4334.93,3
TlCl,4338.57,3
Rb2Si3SnO9,6903.04,3
Sb2Ir,473.008,3
AlVFe2,482.937,3
Al2(FeSi)3,462.066,3
Sb2Os,617.312,3
SrTaNO2,2180.59,3
CuSe2Br,1946.23,3
AgHg3SbO6,2168.23,3
VAg3O4,1878.19,3
NaInSe2,2307.18,3
NaNbN2,1872.29,3
CsGeI3,2263.5,3
Na3AlP2,3442.18,3
Sr2LiReN4,3392.59,3
CsSnI3,3445.07,3
CsI2Br,3402.05,3
As(BrF2)3,3043.45,3
Li5Br2N,4814.45,3
Na3AgO2,2998.03,3
Ba(BS2)2,4792.32,3
Tl2PtCl6,2979.78,3
KBS2,4841.0,3
LaSF,3019.74,3
SCl,4839.02,3
Li2S,6116.08,3
NaZr2ZnF11,10031.2,3
CdF2,6117.73,3
Rb2Hf3OF12,9993.51,3
Li2TiGeO5,6055.66,3
KLiSO4,9987.36,3
BaI2,6063.18,3
SF6,10093.1,3
K3BrO,4302.56,3
ZnF2,6919.32,3
K4I2O9,4307.13,3
K3AlO3,6887.51,3
CsPbI3,4284.38,3
PbSO4,7017.84,3
ZnWO4,4300.89,3
NaScO2,7029.27,3
P,574.132,3
Cd(PtO2)3,608.429,3
Sr(PIr)2,571.71,3
BaP3Pt2,588.433,3
Cs2Ni3S4,1891.65,3
Ag3AsS3,2289.23,3
Rb2P3,1988.73,3
K2Cd2O3,2323.39,3
InAgO2,2041.99,3
K5P2Au,2322.89,3
ScTlS2,2013.88,3
BiTeI,2261.89,3
Rb2SnSe3,3400.21,3
RbCuO,3441.58,3
CaCrO4,3394.12,3
Hg2P2O7,3444.55,3
SiP,2952.06,3
HfSO,4819.62,3
Sr4P2O,2989.82,3
MgSe2O5,4826.03,3
NaBiO3,2963.22,3
TaCl4F,4840.87,3
K3Cu3As2,2996.54,3
LiAlGeO4,6085.78,3
LiCl,10341.0,3
Sr2I2O,6099.38,3
CsF,10488.0,3
RbH2OF,10660.1,3
BaCN2,6055.94,3
K3AuSe2,4267.97,3
Cs6Si2O7,6987.05,3
CsPbCl3,4389.21,3
Rb4CdCl6,6964.9,3
BiF5,4435.37,3
Tl2SnF6,6988.94,3
CsNO2,4379.51,3
AlGaCl4,7045.31,3
Ba(CdAs)2,635.99,3
K2CdPb,571.728,3
Mg2Si,700.408,3
Al2Os,687.29,3
Cd(RhO2)2,1959.6,3
Cs2VAgS4,2270.63,3
Li3P,2029.16,3
Ag2HgI4,2271.62,3
Ca2Pt3O8,1976.87,3
K2PAu,2346.82,3
K3Na2SnAs3,2023.38,3
SbI3Cl8,2336.66,3
K2Pb2O3,3495.04,3
AuI,3521.27,3
LiAuF4,3533.69,3
Sr2Sb2O7,3524.39,3
RbCdBr3,4821.54,3
PPbSe3,3028.94,3
Cd2B2O5,4769.97,3
PBr5,3141.1,3
Sr2CdWO6,4783.44,3
IrCl3,3101.72,3
Ca(BeN)2,4892.4,3
CdPdF6,3116.23,3
B2O3,10750.4,3
SrH2,6200.2,3
Sr4I6O,6160.31,3
ScF3,10991.1,3
Na2CN2,6202.97,3
KBe2BO3F2,10997.7,3
KMgH3,6247.14,3
SiH4,11082.6,3
BeSe,4355.95,3
RbAlO2,7061.61,3
NaInO2,4431.44,3
CsNa2BO3,7055.27,3
Na3AsS3,4359.9,3
Zr3Tl2OF12,7089.31,3
Sr2TaN3,4421.5,3
LiInP2O7,7055.72,3
LiZnSb,681.55,3
KAg3Se2,687.502,3
CaCuP,693.505,3
CaCrP2O7,699.822,3
K2SnTe3,1967.92,3
PdSO4,2274.24,3
Ba(YTe2)2,1961.17,3
BaZrS3,2296.59,3
GaCuS2,2047.69,3
LiInTe2,2435.35,3
Ba4LiCu(CO5)2,2010.19,3
Na3AsSe3,3505.93,3
K4BeP2,3451.1,3
TlBS2,3461.77,3
RbSbS2,3514.23,3
Na3BS3,4913.92,3
Mg3P2,3125.09,3
MgSe,4884.48,3
ZrP2S7,3145.8,3
LiGaS2,4920.91,3
YBi2IO4,3066.35,3
K2ZnO2,4936.11,3
La3Ga5SnO14,6198.16,3
RbF,11277.8,3
CsSrN9,6300.93,3
CsCOF3,11377.1,3
CaTaAlO5,6301.32,3
BPO4,11560.3,3
KLiS,6278.51,3
Cs2HfF6,12190.8,3
RbInI4,4381.28,3
CsSO2F,7146.77,3
InGaBr4,4421.52,3
NaBrO3,7189.0,3
HgCl,4368.17,3
BAsO4,7220.63,3
LiSbO3,4437.94,3
P2Ir,830.83,3
TiS3,799.252,3
Ca(CdAs)2,766.56,3
SrCaPb,771.569,3
AgCl,2442.96,3
Co(ReO4)2,2001.11,3
BaLiP,2398.01,3
Sr2FeWO6,1978.72,3
Cs2Pd3S4,2383.54,3
Sr3(SiAs2)2,2104.26,3
Cs2O,2367.23,3
AlSb,2117.41,3
Tl3B3S10,3466.36,3
La3AgSnS7,3491.41,3
SbI3,3474.16,3
SrTe,3548.91,3
SbSBr,3114.89,3
MgTi2O5,4889.05,3
Rb2Ti(CuS2)2,3122.51,3
InBO3,4918.18,3
NbAgO3,3075.36,3
KNaSe,4887.4,3
Hg(AuF4)2,3160.04,3
MgI2,6290.59,3
KPF6,12440.3,3
ScAsO4,6271.6,3
K2MgF4,12521.1,3
NaAlI4,6272.99,3
PF5,12577.2,3
SrCN2,6354.86,3
LiScO2,7158.56,3
KCuS,4408.31,3
Cs2ZrO3,7212.6,3
Sn2OF2,4452.27,3
Ba3(AsO4)2,7162.8,3
Ca3AsCl3,4517.55,3
IF5,7226.33,3
Sr2SnS4,4503.92,3
CaCuAs,788.755,3
Sc(AlC)3,847.428,3
AgF3,829.38,3
SrCaSn,904.897,3
K2NaGaAs2,2373.21,3
Cs(SbSe2)2,2122.67,3
Na5SiAs3,2391.1,3
Tl2GeSe3,2123.15,3
Tl2Au4S3,2426.85,3
Ag3SbS3,2075.92,3
AlCuSe2,2362.43,3
Rb2PbO3,3223.3,3
SrS,5023.07,3
RbBS2,4978.02,3
BeTe,3202.76,3
Cd(AuF4)2,3177.42,3
Ba2Ga2S5,4955.62,3
CsSnCl3,5009.83,3
K3GeSe3,3178.25,3
SrF2,12693.6,3
AlN,6371.08,3
KAlF4,12797.0,3
CsCdF3,6440.21,3
NaPF6,12870.6,3
Rb6Ge2O7,6416.0,3
CaAlF5,13028.1,3
CsNa3Li12(GeO4)4,7248.73,3
Ge2N2O,4474.06,3
Li2CaGeO4,7259.75,3
Tl6SeI4,4455.89,3
KLi3GeO4,7275.84,3
KBaPS4,4485.07,3
BaIF,7269.12,3
P2Pd,875.554,3
Tl(MoSe)3,895.95,3
GaAgSe2,901.76,3
Li2PdO2,2407.02,3
LiBeAs,2072.59,3
Nb2SnO6,2373.18,3
Na4Ge2Te5,2059.95,3
LaCuS2,2414.27,3
Be2Te7Cl6,2146.35,3
Cu3PS4,2350.88,3
ScPS4,3465.05,3
ZnS,3646.61,3
Na3SbO4,5004.78,3
Ba2PdF6,3169.57,3
CdSe2O5,4979.52,3
BaS2,3167.62,3
Al6Cd4TeO12,4988.77,3
Rb2B2Se7,3154.51,3
RbPSe6,3158.4,3
Rb3InS3,5060.13,3
LaF3,13062.5,3
K2CN2,6481.83,3
ZrO2,6458.87,3
AlF3,13302.1,3
SbPO4,6520.68,3
Cs2SiF6,13365.2,3
NaSc(GeO3)2,6474.16,3
SrBeF4,13656.5,3
BaNb2O6,4529.09,3
Na4TiO4,7301.67,3
SnF3,4465.38,3
LaBrO,7364.93,3
Rb2HgF4,4470.23,3
AlTlF4,7395.59,3
NaVCdO4,4450.26,3
KZnPO4,7416.92,3
K2HgS2,4492.16,3
Y3Sb4Au3,887.406,3
KZnAs,918.959,3
Ta2CrO6,903.258,3
La2CoIrO6,875.826,3
PdSe2,968.926,3
LiBC,2110.41,3
NaCoO2,2383.0,3
Ca4Bi2O,2083.89,3
Ta2FeO6,2353.14,3
TaCu3Te4,2053.62,3
K2PdBr4,2548.84,3
RbCuO2,2103.62,3
Al2HgSe4,2532.77,3
K2PtCl4,3582.65,3
TlF3,3618.97,3
KAuF6,3601.16,3
K2PdF4,3636.97,3
Al2HgS4,3593.99,3
BiBO3,5128.97,3
Cs7Au5O2,3201.72,3
MgGeO3,5138.01,3
AsSe3(ClF2)3,3244.97,3
CsCdBr3,5052.47,3
LaCuSeO,3173.16,3
Sr2BN2F,5140.77,3
V2CdO6,3165.04,3
CaGeO3,6542.52,3
BeF2,14646.8,3
Na3AlH6,6455.33,3
GeP2O7,6468.1,3
BBr3,6619.41,3
Zr2P2O9,7415.74,3
BiClO,4626.07,3
BiF3,7539.16,3
Tl2SnCl6,4645.87,3
Li2TiF6,7539.94,3
KLaSiS4,4607.32,3
Rb2LiGaF6,7521.63,3
CdSiAs2,981.121,3
TlPt2Se3,967.679,3
Ag3Ge5P6,1037.33,3
PtI3,1006.6,3
Cu2O,1029.29,3
K2VCuS4,2112.02,3
Si4P4Ru,2475.54,3
Ag2PdCl4,2056.48,3
CdSiP2,2453.09,3
KInTe2,2063.88,3
BaCdO2,2541.82,3
FeBr2,2081.65,3
Ba(MgP)2,2515.09,3
LaSeF,3606.43,3
NaS2,3576.69,3
Ba3(AlN2)2,3624.61,3
K4SnSe4,3610.12,3
Hg2P2S7,3223.34,3
Pb2OF2,5112.99,3
KSb(PSe3)2,3248.52,3
BaBiIO2,5143.87,3
Cs2AgSbS4,3159.17,3
Y2Sn2O7,5118.7,3
SeF4,6612.24,3
YAsO4,6625.29,3
NaScCl4,6639.57,3
KSO2F,6579.78,3
CsAgCl2,4635.8,3
K2Pb(SO4)2,7626.13,3
NaLiTe,4603.64,3
CsAsF4,7572.69,3
Rb3TaS4,4571.31,3
ScBO3,7637.79,3
Na2Si2Se5,4620.71,3
NaAlO2,7618.59,3
Cs2AgI3,4614.8,3
Te3As2,995.851,3
FeP2,1026.16,3
SrHfN2,959.967,3
Mg3Sb2,1089.21,3
Ca3SiO,1051.89,3
BaPt2S3,2138.1,3
Rb3Sb2Au3,2530.01,3
In6Ge2PtO9,2225.97,3
Ca6GaN5,2523.12,3
Te3Cl2,2216.08,3
P2PtO7,2525.1,3
NaTlO2,2184.97,3
LiAlB14,2477.27,3
HgBr,3608.1,3
Ba2CaMoO6,3615.08,3
NbAgO3,3603.6,3
CsYCdSe3,3725.31,3
Al2S3,5243.42,3
Ca4PdO6,3178.13,3
Rb2O2,5156.44,3
KLi6BiO6,3295.46,3
K3PS4,5203.96,3
Li2ZrN2,3340.13,3
Ta2ZnO6,5173.87,3
GeI2,3310.27,3
BaWO4,6581.54,3
ScCl3,6694.83,3
TlSbF6,6701.0,3
BaSeO4,6739.53,3
NaMgH3,6651.98,3
ScOF,7658.12,3
KNaV2O6,4563.99,3
K6Si2O7,7685.21,3
Sr2ZnWO6,4599.06,3
CaAl4O7,7670.62,3
LiZnPS4,4712.07,3
BaZnCl4,7842.83,3
KLaS2,4650.17,3
SrBe3O4,7768.86,3
Si,1107.17,3
Bi4RuBr2,1124.58,3
Ba2GeAs2,1088.09,3
GeAs,1108.77,3
NaSe2,2242.97,3
K2SiAs2,2510.9,3
As2Se3,2548.09,3
Na3P,2211.62,3
SiAs,2511.96,3
PtS2,2164.04,3
SbSeI,2479.44,3
PCl5,3732.03,3
K2NaRhF6,3723.12,3
CsPS3,3734.66,3
Ba4Li(SbO4)3,3700.58,3
HgCl2,5159.37,3
Au2S,3299.36,3
MgMoO4,5243.39,3
CsI3,3284.12,3
Cs2PdCl4,3305.24,3
RbLa(WO4)2,5206.1,3
GaCuI4,3316.12,3
RbTlF4,5232.44,3
S(ClO)2,6683.94,3
KCSN,6728.89,3
CaPbF6,6776.0,3
Mg3NF3,6789.22,3
Cs2O2,4705.92,3
Sc2Si2O7,7816.36,3
RbLaS2,4708.21,3
Na3TaF8,7805.66,3
Ba3(GaS3)2,4691.9,3
CsAlO2,7911.76,3
HfNCl,4689.52,3
LaAs2,1145.67,3
In2HgTe4,1061.64,3
KZrCuSe3,1090.66,3
ZrTlCuSe3,1066.03,3
FeSbS,1088.15,3
Ba(AgS)2,2169.25,3
TlV3O8,2546.53,3
Sr2ZnN2,2179.93,3
HfS3,2150.49,3
CsYHgSe3,2599.32,3
Sr5Mo2N7,2221.27,3
Li3N,2562.93,3
KAlTe2,3650.12,3
Rb2CdO2,3693.95,3
Ba2SnS4,3671.65,3
SrPSe3,3739.78,3
Ba(GaSe2)2,3298.32,3
AgClO4,5320.59,3
MgCrO4,3299.4,3
LiBeN,5275.56,3
Rb3PS4,5272.13,3
YCuS2,3321.0,3
TlBr2,3300.32,3
Ga10GePb3O20,5294.19,3
Na2SeO3,6795.53,3
K2Li3GaO4,6796.48,3
K2BeO2,6778.58,3
CsBrO3,6772.74,3
TlSbF4,6762.53,3
ZrSiO4,7864.85,3
Sr2MgWO6,4677.36,3
K2Li14Zr3O14,7883.96,3
Rb2SnCl6,4772.26,3
Y2Be2GeO7,7895.36,3
Sr(BiO2)2,4771.59,3
BCl3,7966.26,3
Li3Bi,1247.22,3
Ca(MgBi)2,1247.25,3
Ba3P4,1241.74,3
AgF,1209.28,3
Ag3PS4,2191.07,3
Ag2S,2631.79,3
WS2,2186.28,3
Cs2TeI6,2621.13,3
Tl3AsS3,2576.55,3
Sr3GaN3,2214.05,3
HgPSe3,2199.31,3
Na5SnP3,2582.95,3
PbWO4,3683.39,3
BiPbClO2,3838.84,3
SBr,3849.18,3
KBiO2,3794.1,3
K3V5O14,3334.39,3
Na4Br2O,5286.72,3
K2Mg(PSe3)2,3376.2,3
SrPS3,5268.23,3
GaTeCl,3363.53,3
SnF2,5286.23,3
RuS3Cl8,3417.7,3
Li2Se,5422.15,3
SrO,6924.3,3
KLaO2,6855.37,3
K2SeO4,6941.6,3
K3Na(SeO4)2,6909.11,3
Tl2ZnI4,4796.5,3
NaBO2,8039.76,3
CaS,4760.99,3
Ca4LaB3O10,7974.31,3
Al2CdS4,4789.36,3
RbLiBr2,8068.34,3
CsAu3S2,4819.98,3
Sr3Sc(BO3)3,8115.59,3
Ba3Te2O9,4786.71,3
LaRhO3,1182.1,3
LiBiO3,1248.71,3
LaZnPO,1245.51,3
CsZrCuSe3,1154.87,3
RuSe2,1160.53,3
K(SnSe2)2,2221.46,3
Cu2PbO2,2589.67,3
RbCuSe4,2226.87,3
CdCu2SiS4,2581.61,3
AgSbS2,2596.54,3
ZrS2,2291.46,3
K2PdCl6,2280.37,3
NaAuO2,2579.29,3
KAgCO3,3775.86,3
CsRb2PdF5,3831.24,3
K3Nb3(BO6)2,3817.8,3
PICl6,3809.44,3
LiNbO3,5385.94,3
KS,3427.21,3
SbOF,5353.17,3
KPS3,3383.76,3
CdSO4,5406.48,3
Mg(ScS2)2,3379.19,3
Cd(IO3)2,5437.53,3
Cs2WS4,3440.67,3
K2WO4,6922.86,3
Sr3GaO4F,6856.6,3
Ba(BrO3)2,7042.65,3
Cs2Li2GeO4,6974.43,3
Na3Ca2TaO6,6996.84,3
MgO,8123.1,3
KTlF4,4787.69,3
Sr(ClO3)2,8167.62,3
K3Ta3(BO6)2,4819.66,3
Sr2SiO4,8186.01,3
MgWO4,4847.92,3
LiBr,8299.13,3
Ca3V2O8,4810.21,3
SrLaI4,1195.31,3
ScN,1256.12,3
Tl2Te3,1348.2,3
Rb2As3,1340.47,3
SnGeS3,2623.48,3
PAuS4,2348.66,3
ZnSiP2,2332.51,3
RbIn5S8,2657.17,3
CaPdF4,2341.88,3
Bi2S3,2656.1,3
RhCl3,2680.45,3
NaAg3S2,2305.9,3
LiInI4,3816.84,3
Sb2O3,3820.19,3
Ba2Bi2O5,3794.73,3
KSbO2,3881.08,3
Tl6Si2O7,3370.57,3
PBr2N,5381.68,3
AlTl(MoO4)2,5434.73,3
Ge3N4,3354.93,3
Ba3BPO3,3390.77,3
Na4SnO4,5364.61,3
LiI,7000.8,3
LaGeBO5,7007.77,3
LaAlO3,7077.27,3
Rb2LiAsO4,7140.7,3
Na3Sc2(PO4)3,8265.19,3
PbBrF,4921.99,3
RbBr,8378.48,3
Na2Se,4914.05,3
YClO,8380.93,3
BaO,4851.31,3
Ba2SiO4,8408.83,3
CdCO3,4939.26,3
NaZnP,1344.79,3
NaSb,1269.15,3
Tl3GeTe3,1265.66,3
NbTeBr3,1348.5,3
Ta3I7,1301.24,3
Cs2PtBr6,2659.35,3
Ba5P4,2345.43,3
KYTe2,2732.0,3
KSe,2290.53,3
Al2CdTe4,2748.4,3
NbCu3Se4,2335.47,3
Ca(MgAs)2,2705.4,3
AlICl6,3919.21,3
SrTiO3,3871.84,3
TaTl3Se4,3925.6,3
PI3,3912.33,3
HgMoO4,3419.48,3
AsCl2F3,5506.06,3
CsBiF6,5539.63,3
Ba3BAsO3,3423.65,3
K2TeSe3,3440.03,3
MgS,5529.66,3
La2SO2,5517.83,3
BiSCl,3471.78,3
Li2CN2,7140.99,3
RbZnPO4,7060.94,3
CdS2O7,7056.22,3
CaMgAsO4F,7098.52,3
BaLiBO3,8386.3,3
CsNaSe,4902.12,3
CaCO3,8475.75,3
RbIO3,4905.23,3
LaCuO2,4932.13,3
K2ZnF4,8471.12,3
CaMoO4,4906.36,3
BaBeSiO4,8528.62,3
CsAuI3,1339.61,3
HfBrN,1308.51,3
Sb(IF3)2,1300.92,3
CuTe2Cl,1344.94,3
AlCuTe2,2261.1,3
KAuCl4,2729.85,3
K2TiS3,2258.12,3
NaMgAs,2718.94,3
Rb2VAgS4,2269.02,3
InSbS3,2696.91,3
Na2PtS2,2358.63,3
HgPb2(ClO)2,3896.82,3
Rb2TiCl6,3888.68,3
Hf(PS3)2,3905.97,3
CsAgBr2,4024.77,3
Rb2CdCl4,5469.88,3
Tl2TeBr6,3504.04,3
Mg3TeO6,5497.07,3
NaTl2RhF6,3498.94,3
KNO3,5482.14,3
ZnPtF6,3482.91,3
TaAgF6,7218.38,3
ZnSnF6,7235.29,3
Na4SiO4,7227.94,3
Cs2Li2TiO4,7239.64,3
Rb2Se,4976.4,3
YCl3,8554.44,3
RbNa3Li12(SiO4)4,8562.1,3
Tl3PO4,5016.28,3
CaMg(CO3)2,8586.83,3
Sr2InI5,5011.75,3
TlClO4,8653.43,3
KCuSe,1261.15,3
PbSe,1370.37,3
Bi2Pt2O7,1355.74,3
TlAgSe,1403.14,3
Cs2Ni3Se4,1379.66,3
Na2ZrSe3,2735.37,3
ZnO,2400.66,3
Cs2ZrSe3,2684.56,3
Ga2PdI8,2431.35,3
Hg2WO4,2708.39,3
AlAgSe2,2410.16,3
ZrFeCl6,2691.19,3
CdS,2419.11,3
RbAuF4,4008.09,3
GeS2,3991.87,3
Rb3BP2,3979.8,3
Mg2GeS4,3999.63,3
CsICl2,4003.32,3
Rb3BAs2,3483.19,3
K3BiO3,5527.73,3
BaSn(GeO3)3,5479.61,3
Hg3(SF)2,3537.37,3
Na3ClO,5472.96,3
RbAuO,3457.31,3
Sr3(GaN2)2,3473.7,3
Sr2YNbO6,5503.14,3
CsZnPO4,7223.42,3
TlTeF5,7205.38,3
NaSbF4,7177.1,3
SrZn2(PO4)2,7267.69,3
Cs2Zn3S4,4997.8,3
KCaCO3F,8696.53,3
NaLiSe,5044.38,3
Li2O,8775.4,3
Li6WN4,5020.43,3
La2SO6,8846.7,3
Ta2O5,5143.26,3
Mg3(BO3)2,8874.95,3
Te2Mo,1410.82,3
Na2SbAu,1431.2,3
Rb(MoS)3,1396.57,3
Cs2PtI6,1375.68,3
Ca3C3Cl2,2811.92,3
Ba(MgAs)2,2370.5,3
Ga2TeSe2,2771.77,3
Cs2Pt3Se4,2426.74,3
ZnPdF6,2829.83,3
CsGaTe2,2417.88,3
RbAuS,4018.89,3
RbLaSe2,4031.62,3
CaV2O6,4041.54,3
SbBr3,5504.34,3
AsI3,3540.23,3
BiOF,5638.89,3
SrCuSF,3541.86,3
NaAuF4,3484.09,3
BaAl2Sb2O7,5579.78,3
PbCN2,3540.08,3
YNbO4,5632.34,3
KI,7270.25,3
K4Be3O5,7327.69,3
NaLi2AsO4,7319.51,3
PbF2,7419.44,3
AsBr3,5116.32,3
LiAlSiO4,8887.89,3
Na2BeB2O5,9004.1,3
TiCdO3,5098.72,3
Cs2SrP2O7,9004.93,3
Rb2ZnI4,5103.01,3
CsLiCl2,9132.28,3
TlNO3,5129.66,3
Cd2As3I,1355.4,3
In2HgSe4,1365.96,3
NbI3O,1377.88,3
InAgS2,1433.85,3
ZrCl3,1428.77,3
Tl3BO3,2793.18,3
MoS2Cl3,2353.45,3
Cl2O,2753.21,3
BaSnO3,2355.81,3
Sr3(AlP2)2,2762.15,3
HgO,2440.06,3
ScVO4,4016.17,3
Li2GePbS4,3952.54,3
VCl3O,4045.41,3
VBiO4,3518.58,3
Li3SbO4,5577.36,3
ScAgO2,3604.25,3
LiGaCl3,5623.89,3
BiSBr,3554.14,3
Ba3Nb2O8,7368.59,3
NbF5,7352.77,3
Li3AsO4,7403.4,3
AlBr3,7496.67,3
BaTiF6,7458.47,3
CsSbF6,9106.06,3
K3Ta3Si2O13,5072.31,3
RbBaPO4,9072.07,3
Ba3Zn6Si4TeO20,5053.13,3
K2MgCl4,9166.39,3
NbInO4,5137.43,3
Rb2B4O7,9150.4,3
KInBr4,5192.65,3
GaAgO2,1471.66,3
Rb2(NbCl3)3,1549.94,3
Rb3Bi,1535.21,3
K7TaAs4,2842.64,3
NaAsS2,2401.73,3
Tl3BSe3,2370.2,3
Rb2TeI6,2794.04,3
CsLa2CuSe4,2419.08,3
NbCu3S4,2847.37,3
Na6P4W,2383.72,3
LaBi2IO4,2847.84,3
SiSe2,4138.91,3
KSn2Br5,4098.17,3
KTaO3,4097.04,3
K3GeS3,4065.47,3
LiAlTe2,4103.41,3
NaSr3NbO6,5636.79,3
Ga2TeS2,3555.93,3
Ge3(BiO3)4,5704.89,3
K2ZnTe2,3579.76,3
CaWO4,5746.51,3
Rb2Zn3O4,3643.09,3
BaAl4S7,5664.88,3
Tl4SiS4,3575.36,3
RbGaCl4,7497.88,3
LaCl3,7583.01,3
AsPO4,7589.91,3
LiGeBO4,7618.71,3
NaAlP2O7,9174.53,3
K2Te,5158.08,3
KLiSe,5242.99,3
Al2O3,9289.98,3
Cd2P2O7,5177.53,3
AlClO,9250.54,3
Ba2YNbO6,5150.08,3
CsBePO4,9274.35,3
NaAg3O2,1536.67,3
SrLiBi,1512.8,3
K2Se3,1549.7,3
Na10CaSn12,1532.93,3
Ca3PN,2503.73,3
Tl2PAuS4,2796.74,3
Ta3N5,2458.53,3
LaSO,2793.01,3
KTa(CuSe2)2,2752.82,3
BaZrN2,2489.56,3
Ca2Ta2O7,4120.23,3
Ba2Nb6Te2O21,4058.25,3
Bi3BrO4,4142.97,3
BaZnSO,4130.17,3
RbAu3Se2,3565.37,3
Be3N2,5742.97,3
CaNb2O6,5659.94,3
Ba2LiReN4,3572.98,3
SrBiClO2,5705.81,3
Na3SiTe3,3603.86,3
LiGaI3,3552.79,3
Na3Mo(OF)3,5696.6,3
LiYO2,7583.12,3
Ba2Zn7F18,7703.03,3
InF3,7738.87,3
La2Hf2O7,7667.59,3
BaBr2,7769.56,3
LiAlSe2,5158.62,3
Na2B4O7,9274.54,3
LiAl(MoO4)2,5208.36,3
Sr3(PO4)2,9383.81,3
Sr(AlSe2)2,5181.82,3
BaBe2Si2O7,9361.47,3
CdSeO3,5177.83,3
SrMgP2O7,9350.06,3
CuBiSeO,1509.27,3
K2NiAs2,1509.64,3
CdCu2GeS4,1512.84,3
TlInS2,1488.84,3
CuBiS2,1455.22,3
Cs2NbCuSe4,2751.08,3
SrLi4N2,2534.72,3
Ca2VN3,2830.39,3
RbAuBr4,2539.36,3
Sr2PbO4,2938.9,3
K2PtS2,2457.2,3
CdO2,2935.5,3
PtF4,2482.1,3
Ba2InO3F,4058.14,3
RbSbO2,4233.31,3
BiBrO,4162.16,3
Rb2SeCl6,4182.85,3
SnBr2,4237.49,3
TiTl2F6,5837.08,3
NClO,3619.21,3
BaH2,5801.23,3
As2PbO6,3580.71,3
Na3SbS4,3716.03,3
ZnCN2,5783.16,3
SrMg2N2,3710.95,3
Ca(AsO3)2,5807.73,3
mp-3518,7791.27,3
Zn(PO3)2,7784.43,3
LaClO,7853.58,3
Si2N2O,7935.68,3
LiInF4,7926.01,3
Na3BiO3,5310.89,3
Na6S2ClO8F,9491.45,3
LiNO3,5340.22,3
SiCl4,9465.97,3
Zn(IO3)2,5318.12,3
SrBPO5,9528.65,3
La3TaO7,5271.84,3
BaGeF6,9597.09,3
Mg(BiO3)2,1503.2,3
NbI5,1549.83,3
Y2Cl3,1625.64,3
ZnSiAs2,1619.51,3
K4BeAs2,2902.88,3
AlAgO2,2464.99,3
RbAu,2869.44,3
Sr3TaAs3O,2461.88,3
SrLiP,2943.38,3
Na2W4O13,2518.17,3
BaAgTeF,2889.94,3
Rb2SiAs2,2532.45,3
ZnPbF6,4246.98,3
YAgO2,4157.67,3
CaPtF6,4210.82,3
BaLa2PtO5,4185.1,3
NClO6,3728.01,3
TlF,5841.78,3
Cd(GaS2)2,3719.57,3
Pb2CO4,5833.56,3
AlAgS2,3748.05,3
ScBrO,5803.35,3
CdPtF6,3701.38,3
SrCO3,7878.15,3
CsNbF6,8030.09,3
Li6MgBr8,8031.04,3
KNbF6,7980.72,3
KSbO3,5284.99,3
LiClO4,9647.49,3
P4N3Cl11,5278.88,3
NaClO4,9734.82,3
SnCl2,5267.55,3
LiAlCl4,9662.89,3
LiBiF6,5424.22,3
NaNO3,5373.08,3
K3Na(SO4)2,9805.19,3
TeAuI,1637.46,3
Sr3SbN,1623.85,3
Sr(CdP)2,1558.77,3
K2Ni3S4,1640.09,3
HgF,2850.61,3
Na4HgP2,2493.44,3
Sr4As2O,2874.58,3
Ba2GeSe4,2541.03,3
Cs2SiP2,2934.33,3
InS,2514.29,3
K2NaAlAs2,2899.66,3
NbBO4,4213.29,3
Ba2SnS3F2,4217.13,3
RbPbI3,4189.76,3
Te6Br2O11,4231.49,3
K2TeS3,4236.78,3
AsClF8,5914.93,3
LaI3,3712.4,3
Mg2PN3,5927.54,3
Na4SeO5,3736.0,3
As2O3,5935.46,3
AgNO3,3659.31,3
LiGaO2,5870.95,3
CaBr2,8096.17,3
CsCaBr3,8082.55,3
NaTeF5,8127.5,3
Na2CO3,8159.85,3
BeSiN2,8185.18,3
Li3BS3,5360.77,3
KClO4,9771.93,3
Ba(SbO3)2,5439.98,3
RbClO4,9820.46,3
TlBO2,5433.08,3
MgCl2,9918.25,3
K3VO4,5408.58,3
Na10SrSn12,1554.4,3
SnS,1617.43,3
Sb2Se3,1567.81,3
Li3Sb,1710.33,3
Ga2Te5,1692.47,3
Sc2S3,2452.45,3
TlI3,2940.79,3
TlP5,2497.7,3
K2CuP,2855.0,3
CdIn2O4,2583.31,3
SrCuSeF,2905.56,3
Nb(SCl)2,2562.99,3
CdCN2,4164.77,3
Na3PS4,4220.46,3
ReAgO4,4167.84,3
WOF4,4165.24,3
NaSr4(BN2)3,4336.19,3
Hg2SO4,3737.92,3
Na3ScBr6,5854.6,3
OsO3F2,3686.15,3
NaGaBr4,5909.77,3
Ba2YBiO6,3832.97,3
KNaLaNbO5,6003.11,3
BiClF8,3816.36,3
SCl2O,5968.39,3
LaOF,8225.24,3
NaCNO,8301.22,3
Ge(SF6)2,8268.69,3
KBr,8411.47,3
CaSnF6,9933.41,3
SrMoO4,5359.59,3
SrSO4,10005.2,3
RbNbO3,5403.34,3
Li3B7O12,10021.5,3
SrO2,5521.46,3
CaSO4,10092.0,3
Te2O3F2,5450.31,3
AlPO4,10155.5,3
TiBrN,1686.41,3
RbPt2Se3,1674.81,3
Ga2HgSe4,1703.31,3
Cs2Pd(IBr2)2,1653.94,3
Ca(CdP)2,1740.84,3
ReNClF5,2858.1,3
SrPdF4,2604.54,3
Ba(AlTe2)2,2931.89,3
ZrBrN,2562.65,3
Na2LiGaAs2,2894.56,3
RbSe,2622.44,3
Ca2PbO4,2993.01,3
Sc2PbSe4,2589.28,3
Ca3AsBr3,4263.93,3
K3IO,4261.54,3
KGaI4,4273.08,3
ScCuO2,4329.89,3
Sr2ZnGe2O7,5995.37,3
Ba2ZnGe2S6O,3811.88,3
Li16Ta2N8O,5962.01,3
SrCrO4,3829.78,3
Na3In2(PO4)3,6024.54,3
RbS,3835.69,3
KAlAs2O7,6021.25,3
MgCO3,8433.7,3
BaHf(PO4)2,8386.66,3
YOF,8524.34,3
Tl2SiF6,8508.11,3
SiS2,5452.77,3
LiSiBO4,10433.7,3
SrSiN2,5489.24,3
Cs2GeF6,10624.8,3
Tl2CO3,5483.76,3
K2HfF6,10819.5,3
Rb2S,5479.71,3
Si2Os,1677.03,3
TaI2O,1716.61,3
PtBr3,1730.36,3
RbCu3S2,1731.79,3
Rb2Sn2O3,2636.29,3
Sn2OF5,3047.51,3
Tl3VS4,3004.36,3
Sr(AuO2)2,2644.76,3
AuCl3,2606.29,3
Ca4P2O,3003.74,3
K2B2Se7,3021.07,3
Ba3In2O6,2629.56,3
NaGeSbO5,4262.62,3
CsBrF,4350.7,3
KTlCl4,4403.39,3
Na4SnS4,4364.43,3
K3AsSe3,3761.51,3
Zn(ReO4)2,6064.33,3
K2CdO2,3768.68,3
KCdCl3,6123.33,3
AlCuS2,3800.42,3
Ba2LaTaO6,6106.75,3
CdMoO4,3843.79,3
KAlSiO4,8481.42,3
K2CO3,8518.67,3
Li4SiO4,8593.69,3
CsKNa2Li12(SiO4)4,8637.7,3
BeCl2,10899.9,3
LiTa3O8,5522.06,3
Li2ZrF6,11015.5,3
TaBiO4,5549.8,3
LiCaGaF6,11105.7,3
BaBiClO2,5476.9,3
Cs2ZrF6,11230.0,3
K2Sn2Se5,1737.0,3
KZrCuS3,1716.34,3
BaLiSb,1793.79,3
ZnTe,1806.38,3
Zr2SN2,1835.35,3
Zr(PS3)2,2951.18,3
LiRhO2,2587.95,3
BaLa2ZnS5,3039.21,3
AlAs,2653.35,3
Al2PdCl8,3023.85,3
Br,2683.46,3
Hg3(TeBr)2,2957.7,3
Pd(SeCl3)2,2725.18,3
Li3AuS2,4362.54,3
Na5InS4,4375.79,3
Zn(GaO2)2,4405.0,3
Na3GaSe3,4404.53,3
KSO4,6148.79,3
AlCuO2,3806.26,3
Na3NbO4,6116.15,3
CsGeCl3,3936.47,3
Cs2PtCl4,3852.75,3
RbMgH3,6125.05,3
LiBiO2,3870.84,3
PbCO3,6089.56,3
Sr2MgSi2O7,8610.5,3
HfSiO4,8663.04,3
BaBrF,8771.68,3
Li2SiO3,8780.54,3
BaAl2B2O7,8772.62,3
Cs2LiVO4,5495.44,3
SrB4O7,11388.8,3
Rb2LiVO4,5457.94,3
CO2,11481.4,3
NaInBr4,5482.13,3
Rb2MgF4,12136.6,3
Na2O,5586.02,3
RbCaF3,12343.8,3
Y2SO2,5626.5,3
BaF2,12498.1,3
Cs2Pd3Se4,1800.03,3
K4ZnP2,3050.81,3
P2Pd3S8,2723.59,3
PtCl2,3099.06,3
K2AgSb,2682.7,3
K3Al2As3,3062.5,3
NaBeAs,2714.57,3
KBaPSe4,2681.41,3
Y2MgSe4,3140.86,3
K3TaS4,4412.1,3
Ge2S3Br2,4441.65,3
K4Br2O,4362.21,3
VInO4,4415.29,3
Y6WO12,4420.63,3
PbClF,6155.37,3
Sr2SnS3F2,3861.9,3
Rb2ZrCl6,6187.59,3
Na3TlO2,3893.53,3
LaNbO4,6231.22,3
Cd(AsO3)2,3886.46,3
Rb2SrP2O7,8904.55,3
BaCl2,9001.84,3
P2O5,8954.14,3
Mg2B2O5,9048.31,3
CaN6,5599.37,3
MgF2,12495.3,3
KSeO2F,5595.56,3
Rb3NaBe2F8,12735.7,3
CaF2,12831.6,3
K2NaAlF6,12826.2,3
Sr2CuBrO2,5582.02,3
K2AlF5,12886.9,3
Rb4Zr3Se14,2747.66,3
SnI2,3109.4,3
BiTeCl,2656.2,3
YBi2BrO4,3061.47,3
V2O5,3111.07,3
CsCuF4,2701.39,3
K2NbCuSe4,2673.55,3
K2NaGaP2,3093.37,3
Rb2SnO2,4465.33,3
NO2,4546.73,3
CsBiO2,4523.33,3
SrSe,4513.71,3
Na5TaO5,6218.31,3
SbCl5,3926.18,3
MgPbF6,6156.2,3
Mg2V2O7,3857.98,3
CsS,3975.94,3
PbCl2,6313.01,3
Al2ZnS4,4019.84,3
MgSeO3,6317.25,3
Na2S2O7,9099.19,3
Rb2Zr3OF12,9143.82,3
KHCO3,9083.53,3
Ga2PbO4,5716.12,3
YF3,13063.2,3
MgSeO4,5710.26,3
Rb2SiF6,13269.9,3
NaReO4,5683.49,3
LiYF4,13423.0,3
BaTiOF4,5684.53,3
LiCaAlF6,13569.1,3
Rb4CdBr6,5691.33,3
HfPbS3,2671.91,3
KAgF4,3136.43,3
SrCu2GeS4,2718.07,3
Tl3SbS4,3065.59,3
BaHfN2,2769.85,3
PbF3,3209.25,3
K4CdP2,2801.58,3
K2SeBr6,3209.47,3
P2S5,4526.53,3
KNaTe,4505.43,3
Rb4In2S5,4459.56,3
RbReO4,6338.38,3
CaMg2N2,4028.96,3
Ca4Al6TeO12,6328.98,3
Li2PtF6,4005.97,3
MgSn(BO3)2,6292.0,3
Sr2NbN3,3981.92,3
Zn4B6O13,6304.04,3
SCl2,3986.17,3
LiF,14607.9,3
Bi3B5O12,5743.6,3
CaAgP,143.936,3
Cs2Au2Se3,2775.78,3
Ca(AuF6)2,3161.68,3
RbYTe2,2844.42,3
AsCl5,3150.08,3
Ga2HgS4,2849.09,3
CaTe,3196.46,3
RbBiS2,2799.56,3
Si3(BiO3)4,6385.47,3
AsPO5,4038.05,3
NaGe2(PO4)3,6406.66,3
Sc2SO2,3958.28,3
Na2GeO3,6393.32,3
Tl3VO4,3951.31,3
YTaO4,6384.42,3
RbLiCrO4,4038.67,3
AsS,3150.47,3
AgAsS2,2823.67,3
HgF2,3215.22,3
InI,2802.68,3
Ba2SnSe3F2,3190.47,3
Cs3Na2SnP3,2816.65,3
RbI3,3219.66,3
SrSn(BO3)2,6413.97,3
CsCu2Br3,3998.11,3
K2ZnBr4,6539.12,3
Ba(AuF4)2,4038.04,3
RbAsO2,6489.51,3
TlBr,4065.45,3
ZrGeO4,6545.5,3
Tl2TeCl6,4055.85,3
SrGeO3,6519.59,3
HgI,2844.05,3
Cs(SbS2)2,2782.64,3
NaGe2N3,4142.61,3
Ca3Sc2(GeO4)3,6492.57,3
